# id,lat_e6,lon_e6
1,37855074,112173244
2,39399008,111192361
3,32799299,116218532
4,31892496,115023023
5,35844902,113863595
6,34885887,112206932
7,32113195,114689570
8,37161701,113269170
9,31731814,111918611
10,34732204,111731865
11,33954962,114279508
12,36138527,111271900
13,33557780,116416383
14,39087606,117716677
15,30406787,118164823
16,37846658,113475372
17,37509102,110142932
18,39652987,118116615
19,34549591,111452736
20,36523211,119843067
21,31875851,112411800
22,36991060,117557320
23,38676387,112600461
24,34236053,114656566
25,37204375,117835099
26,34579559,112966630
27,33579052,116925492
28,37235283,111070530
29,39669592,110712575
30,30330953,111704080
31,36136262,114081656
32,37134971,117715742
33,33081820,113543312
34,38703003,111925201
35,38819213,113305384
36,39368186,113476798
37,31445452,110481359
38,35701321,119052814
39,31563640,114601308
40,30431197,117887442
41,31999649,113202439
42,33654739,114953465
43,30828856,112017421
44,32780500,116472072
45,33142107,114331830
46,38310498,118656001
47,32249927,117474015
48,38603186,119295055
49,34622974,111225823
50,31301615,110060160
51,34101518,114673513
52,35798115,113956051
53,34368391,116399828
54,34779032,118897022
55,39688262,110225796
56,34902004,119339945
57,32394601,118276279
58,38526847,113154664
59,38824160,118789323
60,37043165,111469776
61,38191862,114106002
62,37152430,111592938
63,39798816,119159672
64,33638989,110015224
65,30072351,115119285
66,38996102,116859274
67,30570023,117509804
68,37657559,111420072
69,31762887,114072053
70,32134778,113454823
71,34284241,118984290
72,38599234,113672608
73,37630113,111414270
74,39409335,114488026
75,31840475,112545526
76,38955657,114690866
77,30832426,118335599
78,39388351,117283207
79,30777288,111511705
80,32160227,115156442
81,37292257,110047151
82,32476085,115880411
83,33603162,111133129
84,34044612,118884641
85,30351814,112494960
86,30023979,119956507
87,31053126,118415932
88,31750912,117080956
89,38039852,119474033
90,32025721,114359767
91,30001033,112909675
92,35594159,111160711
93,39045049,117410861
94,34184878,117533315
95,31034137,115728771
96,36143725,110237203
97,36714132,116462998
98,30048936,116196374
99,33050804,114214814
100,30001570,116328277
101,35492613,115813649
102,34875043,112357520
103,34469510,117991434
104,30606395,111135176
105,36866898,111359593
106,37709834,112247941
107,35379943,117545447
108,35951613,118274189
109,32759707,118711618
110,35596887,110774718
111,37037278,119289699
112,34859004,115375210
113,31007922,113950472
114,33876211,116522505
115,37451100,116805801
116,35565009,115238393
117,31278769,111473517
118,32706872,113307794
119,32783053,118717261
120,39184710,110627895
121,38693884,115825333
122,34012865,115332622
123,33025268,113664188
124,33756723,112641695
125,39028224,117246591
126,35621971,114012978
127,36687835,117195677
128,30516712,113683979
129,36588109,114813238
130,34878195,115924793
131,36889225,119566727
132,31060450,115599746
133,38436406,113921483
134,38805666,115718039
135,35086164,118000626
136,31422161,110201798
137,31945889,117261849
138,37073503,119112887
139,32055658,115943913
140,34435111,113081526
141,31654758,117562225
142,39345276,111798260
143,34313799,117800565
144,32450771,110224419
145,38307969,113376445
146,35028559,113785236
147,36251998,118165990
148,33271514,118814535
149,31709348,118701419
150,39142677,118311594
151,30044243,111198290
152,30097019,111997910
153,35912153,115400648
154,36658880,112391922
155,36991116,114704835
156,38955468,110762717
157,39939264,110432827
158,38824608,110532636
159,30635583,113772606
160,38351422,113913191
161,34310824,119691601
162,35732988,113989818
163,34911490,115509763
164,32377098,117512379
165,31528704,117701347
166,37980801,118572037
167,38102642,111295123
168,35882227,113771112
169,32874721,118081591
170,34218351,116182251
171,39551877,118885898
172,31785801,114076631
173,35715480,116714765
174,31690542,117853110
175,38097818,118453211
176,31958364,114352467
177,30454886,114584992
178,33281749,111428218
179,36859157,119286974
180,34738885,110114717
181,33406990,118409518
182,39701990,114742844
183,31083037,117665665
184,31112154,114404097
185,39054478,119317946
186,32360590,117368564
187,32934297,119076497
188,38711756,115781878
189,39592276,112375684
190,32345193,110186626
191,31768901,117765924
192,33128455,110951919
193,33389982,113172842
194,39726101,117007259
195,39247987,112977462
196,33550620,118006065
197,34608730,113809166
198,37393479,119724005
199,31339729,114533495
200,33143361,115854062
201,35372303,118240771
202,36189791,115370104
203,31149077,116016962
204,32299876,115158465
205,35170334,113273680
206,31091796,117836372
207,37847568,117398379
208,30244902,116858507
209,34761296,119171561
210,30807212,110127988
211,33037261,115668288
212,37116539,119434673
213,35373846,110960445
214,38175228,112522865
215,34808243,117895447
216,32851332,119847251
217,33949866,113721699
218,30549663,110535212
219,39915219,112391188
220,32637157,115864788
221,30768015,110944637
222,34500185,118577000
223,36730616,117032359
224,33383639,112708711
225,32627798,112051788
226,33016408,118527743
227,39475650,111640016
228,32177739,112604998
229,37636819,118093715
230,30060431,117110876
231,32057860,113586620
232,35684486,117123783
233,38353147,114775457
234,31383938,112098929
235,35760919,116888020
236,39191101,117396649
237,31511265,118914618
238,33238805,112308984
239,34857092,110915666
240,36896901,118385120
241,37961822,114438196
242,35417131,118387325
243,30887449,113643830
244,33492052,119767642
245,37607265,113083424
246,38179093,119125544
247,32216802,111580584
248,38731826,111846016
249,36506196,116552718
250,36053293,112455952
251,30629119,116676887
252,39398096,113967705
253,35635465,117169295
254,30796071,117018700
255,35518820,111188980
256,38771691,115498037
257,36703811,111582890
258,38790985,111897332
259,35573633,112658155
260,32716394,110608488
261,39445152,119451469
262,33221461,114384252
263,36940144,112124222
264,31800549,110667348
265,33198632,119834299
266,39310877,117669584
267,32634389,117514879
268,32676807,115316699
269,34064736,114133561
270,35905150,119661480
271,37796723,111539289
272,37782726,115778414
273,34342089,112430859
274,37108128,119631225
275,35001629,115544332
276,33052272,117809850
277,32215463,116700165
278,37209694,113135966
279,30489463,113470392
280,34602100,116892754
281,33836349,111616001
282,32392373,119059661
283,35481999,119402947
284,30064595,110193890
285,35928493,113312081
286,32236891,114382769
287,32779517,114749526
288,37931576,110265794
289,36421039,112383207
290,37063765,110366063
291,34901133,114649458
292,33426541,115281732
293,30706803,112566868
294,35080626,114991140
295,36563215,113223693
296,36387074,116651565
297,36227175,110285437
298,39327704,119140342
299,36371396,117335060
300,36374246,116039226
301,36341275,114538343
302,30385205,118263287
303,37420788,112568338
304,30072810,118912444
305,36376890,116147779
306,30515682,119436038
307,38409512,118430323
308,37362971,119761174
309,38340883,117607502
310,34743576,112640965
311,30682940,110571859
312,38170811,114473967
313,34231756,113475536
314,34477469,112801793
315,33029156,116544879
316,30103651,118130886
317,36918851,113361589
318,35343658,115164733
319,38641059,119613731
320,36010324,113245584
321,34985020,117695706
322,32829383,117302292
323,31856451,111435985
324,36223396,110427207
325,31087743,110700282
326,32649818,116173782
327,38996440,119661258
328,33057660,119145026
329,34684485,115119221
330,38891360,119680644
331,30830793,117929837
332,37296908,119061373
333,30290890,113296184
334,38879229,115341421
335,39115389,111404403
336,31000404,113413781
337,30843113,113064332
338,38332047,115349692
339,35062745,113878856
340,30212741,115880630
341,32092449,119103909
342,31374667,119469449
343,34019218,114332153
344,34109445,111568077
345,35540126,112322478
346,37989436,113597633
347,37104779,112171981
348,39851397,118671998
349,32378669,116643993
350,33860870,118232683
351,38679929,115208597
352,36251600,119682374
353,38122900,112332188
354,31184875,115669257
355,33514260,116524999
356,34776379,112427321
357,38727273,119849814
358,34185009,114675037
359,35398917,110046938
360,34011440,114031638
361,36384313,110617102
362,31677482,117034990
363,32709248,119248359
364,31388291,114125141
365,30331782,116276199
366,31106432,115248324
367,39495666,115835588
368,34045255,110046833
369,31875058,117755419
370,34273079,110428489
371,30717547,113969011
372,34164543,110225641
373,34399892,117864972
374,32564163,114245958
375,37390231,114534633
376,35840949,119051656
377,32195862,117201665
378,36250758,110640013
379,39920391,111559115
380,37606892,116325669
381,31017723,118026258
382,32555302,111068078
383,35240688,112612943
384,39219247,117905617
385,39912634,117259652
386,35611258,119087147
387,36264865,117214092
388,31237288,119855136
389,38863948,117421892
390,31787870,115277199
391,34776669,116223724
392,31182486,116802966
393,32717550,118893373
394,33602403,119152376
395,37130163,117365662
396,39875353,119998960
397,34179964,110170531
398,36663041,112459342
399,37055208,110878126
400,36146625,112871440
401,35162077,113189805
402,36397398,116494164
403,35522464,117495401
404,33123374,111943517
405,37308964,111043189
406,33518926,110721257
407,35848160,118746076
408,38055793,111333833
409,39080163,117885540
410,37596111,111970262
411,37572565,118651017
412,38934531,111537234
413,33725581,117795574
414,30893748,113596447
415,38497811,110067501
416,39579351,111823675
417,39877919,111419346
418,38053575,111706090
419,36044808,117955564
420,34814553,117291563
421,34004611,117207022
422,36395469,119385047
423,37590273,113731555
424,31096979,117558623
425,33372001,112924470
426,35267948,113475251
427,39127442,113495921
428,35646483,116795811
429,33747948,113908041
430,35775189,115009705
431,35684570,117896127
432,31745985,119254846
433,30384366,115914661
434,39349668,116461408
435,39913501,114884809
436,35325598,114699976
437,30093382,112267722
438,33512073,118648987
439,37723755,116448416
440,37488374,112907950
441,39700977,116330398
442,38300416,119605861
443,32941615,114977463
444,37544053,119993808
445,32707149,119652338
446,33892959,118931760
447,32195634,117137158
448,35715067,119775042
449,33011329,113802035
450,37710286,118143791
451,38750844,117995435
452,32009411,111683001
453,32118818,112351321
454,34092959,110343947
455,34284478,116477303
456,30434604,111916550
457,37485130,119689767
458,37543245,118896727
459,31167037,110866609
460,32654724,119739630
461,38740475,110363284
462,37892066,115299216
463,31635059,110351829
464,37466630,113424090
465,35788800,116187723
466,36151483,119990335
467,36569018,119009665
468,35334276,116919135
469,36909059,118255189
470,35932935,112364189
471,36641522,113753195
472,38232396,117681386
473,30195698,110027082
474,36087602,118910755
475,33969922,116378536
476,31841029,117728384
477,31355707,113302118
478,39083561,114773886
479,32065062,115095981
480,32588089,114236244
481,32344966,117868725
482,37677841,117314420
483,34095927,111737728
484,32725436,114640199
485,36737466,113248595
486,34805395,118607482
487,30985676,113113818
488,35094983,119418892
489,34679963,118410719
490,32316540,118456497
491,38976753,117834157
492,31152903,118558939
493,35090272,112284902
494,30312597,111490554
495,39029643,113863328
496,33989594,114315659
497,31219692,110819808
498,32875684,118673704
499,33826244,118328882
500,37530258,111489742
501,34600284,116626822
502,30845631,117958193
503,37187215,117766116
504,31160269,115963263
505,37589297,113704222
506,31985128,114277998
507,32741500,115281240
508,30883691,119213676
509,37699557,114381683
510,32430563,114755983
511,32477418,112098769
512,33791981,112130073
513,32245238,111906198
514,31950635,114683537
515,39983056,114213806
516,33264720,112066744
517,31547948,119622946
518,31014838,115214330
519,35080214,113305915
520,36825253,110008820
521,37714319,119389930
522,30608997,116566384
523,38559164,111528363
524,31742876,116931809
525,34026421,119611281
526,34757004,112501550
527,30480172,110108845
528,30717740,114386633
529,38716989,119073789
530,39033346,118730229
531,33728954,118838376
532,39790658,115619089
533,37118124,113456104
534,35146663,115085928
535,37007602,117991154
536,38019335,112227302
537,36478015,115115028
538,30776650,113695391
539,30095509,113260502
540,33552561,118959010
541,34727568,111600175
542,30113417,111757944
543,38455217,110163712
544,35469727,118789139
545,36582260,118495797
546,37498146,118543345
547,32760896,112256168
548,39398905,111765828
549,34827587,118636969
550,38619261,113308678
551,38194258,116380666
552,37983232,114449005
553,31847971,111972890
554,38276679,111129088
555,34681904,119892010
556,37594542,119167044
557,36412925,116933066
558,34954277,117937343
559,39007342,115755983
560,33790240,115665740
561,35012878,116165553
562,33048238,114467546
563,36286711,114360294
564,33171253,116609626
565,39765058,119800481
566,34881051,114000384
567,39283385,111325560
568,39813586,110145897
569,38030335,110965097
570,31423134,113675399
571,36547396,112700047
572,34627903,113509911
573,37798392,111563960
574,30032360,110612294
575,38266472,118375082
576,35863210,116816521
577,38892698,117758347
578,32215454,118756398
579,33977962,112367607
580,39083735,111905643
581,36069125,113994239
582,31406852,111161350
583,30212894,113789890
584,39207275,112389205
585,31202685,111206655
586,39176510,116240102
587,39140615,113184613
588,39788880,118150497
589,33167300,114927476
590,37938754,119328323
591,37422205,117707977
592,35707768,113572239
593,33128009,113048486
594,31641514,114945177
595,35433488,118969016
596,36583470,114421293
597,30858977,112997372
598,31432623,118324546
599,37778069,111300472
600,34590826,110092553
601,36695827,114953775
602,32577764,117749033
603,32622873,112419430
604,36700119,116360978
605,36291813,114703735
606,30119619,114608571
607,34535333,117271826
608,31454672,117341868
609,32002917,111608923
610,34330022,113693796
611,35767867,110957236
612,31229749,112410680
613,39801945,118139001
614,31261815,118821102
615,37652799,114242812
616,37613958,119054735
617,39167577,119579855
618,37409506,117218013
619,32480787,118301320
620,31523408,118557922
621,34856768,113121344
622,32721606,111768390
623,36363597,114654191
624,35708470,117661569
625,38156235,116807990
626,38608499,118732006
627,32164917,112801254
628,34035452,115056264
629,33109184,114122018
630,33502112,117879786
631,37680368,114810819
632,34617404,111777091
633,33438478,116114587
634,31916376,111238386
635,38926815,115233821
636,38949743,110701060
637,30790127,110089407
638,34343343,111474821
639,37003963,114963549
640,35075780,111108280
641,37310617,113546836
642,39076631,118783409
643,39527258,119406857
644,38263795,112734198
645,33295615,112390618
646,37362195,117953725
647,39820531,118030278
648,32034258,111724697
649,32991619,111014807
650,39209496,113285788
651,36893602,115286660
652,31852354,111610434
653,30085307,117071696
654,36728673,118843967
655,39257106,114918934
656,37579220,114247912
657,39179982,116815947
658,35656443,113372938
659,35020004,112482514
660,34926536,112363602
661,34883376,110277676
662,38805856,118234703
663,32022558,110976375
664,39242794,112757620
665,32283553,110346909
666,30079679,111985650
667,37108720,117000551
668,36569711,112508333
669,30424020,118287053
670,39383233,111979082
671,31699969,118909400
672,36857102,118597462
673,39667507,113796761
674,39709471,110165915
675,33174658,112731823
676,38130826,113819551
677,32144218,118940610
678,31933921,111697564
679,31995623,119404108
680,32550870,115397437
681,37547499,115468727
682,30526504,111062362
683,38758351,115921622
684,31086191,113958241
685,35892802,116059713
686,33293869,119395801
687,36478135,112673325
688,39113643,115555800
689,31655116,119244085
690,32012616,113182836
691,37686406,112591184
692,35079391,118328513
693,33391258,112885553
694,36633315,113878701
695,39048266,113385429
696,36667007,111758572
697,32184809,113236314
698,31130742,119961475
699,39330838,112984576
700,37005170,114808736
701,31854882,112807204
702,31826591,111143005
703,33119636,119957047
704,30953305,118718184
705,34771336,117258499
706,38579595,110119493
707,37802385,111398748
708,39595147,115511903
709,39091240,112547345
710,39694400,118414656
711,35353203,118708828
712,37643719,116519028
713,33525006,114644493
714,35603550,114407434
715,37599297,119074429
716,38540197,118451714
717,37446418,117396952
718,33016375,110074892
719,34183343,110166948
720,31757467,111559825
721,33277380,112807467
722,34654321,110217213
723,32519113,119155146
724,31786307,112795531
725,34692525,117043584
726,30204163,119838630
727,34965930,116577092
728,38706045,110348942
729,37189341,114663841
730,39490841,117784641
731,34353649,110325048
732,33648795,112720969
733,38184737,115058728
734,38321304,110429357
735,38949498,115220096
736,30213405,115825178
737,38959428,114708090
738,30118876,114118485
739,37176885,114666466
740,38597595,115411703
741,39651524,112404909
742,32282822,111860095
743,32256647,110063404
744,34121106,116771336
745,39557965,118030763
746,35167365,116482826
747,38838215,118130667
748,35443467,116456419
749,33163093,115070429
750,31767214,112619125
751,33621165,113098895
752,36677909,117986604
753,36000288,112638502
754,34925519,110618560
755,35721691,110251532
756,39267784,113358216
757,36520753,117692410
758,37971687,113324251
759,33001474,119972741
760,33731761,117212670
761,31189852,111695610
762,34169076,115288501
763,39516654,119939708
764,35241890,110343293
765,35667815,114853261
766,33313174,110385537
767,38002494,116216515
768,31852120,114177964
769,33391860,116619674
770,34937211,116639900
771,35081137,116524446
772,37399974,115832012
773,32490178,115136344
774,35824364,114358057
775,36973508,119117900
776,33842810,111425734
777,36316245,111768359
778,36622629,117835104
779,34455602,116051732
780,30772876,113504617
781,39380826,116970595
782,34412025,118719103
783,38575132,116112383
784,30308700,117766723
785,33089394,117360966
786,38060097,119818395
787,33639836,111354682
788,36440148,119037806
789,32952060,119303089
790,32964323,116146216
791,30796071,118032425
792,30277871,111622745
793,32643231,117970606
794,32757811,118242808
795,34677667,115170724
796,39916957,114407723
797,36303886,117586393
798,36225485,113028304
799,35667458,119882891
800,32690691,119746074
801,32109123,112517212
802,37507693,114779183
803,36323800,114332554
804,37071948,112306473
805,36359878,111299561
806,33608851,115353570
807,35915168,110216181
808,35270313,118117630
809,30182670,118478797
810,33683562,113406691
811,33374183,117429209
812,33886880,112681435
813,35969657,111116876
814,39815790,111052322
815,31982965,111073108
816,32718099,112635047
817,32040395,119990273
818,31427628,111588093
819,31704352,116198373
820,30488590,116922919
821,34804216,110078241
822,38703100,116012340
823,33759349,119982131
824,32855432,111112226
825,33213635,119749262
826,32613738,110509539
827,37119513,111285689
828,35620481,113086539
829,31677677,112848542
830,32593113,114872305
831,39737504,115955179
832,35849012,115088604
833,35509993,118264083
834,30743972,116676298
835,32670310,115063747
836,34534633,115419412
837,39764681,112952984
838,31285757,116983086
839,35162231,119374390
840,31022809,110448603
841,38760556,111354763
842,31576734,112610555
843,37925034,119398017
844,30047566,112113430
845,38801597,117407728
846,37521478,116687694
847,37786055,119991914
848,37949406,113131153
849,33567967,118342349
850,34232364,111556350
851,31075548,110955702
852,33065149,119758595
853,38205846,115071885
854,35690891,115254020
855,32771287,114217083
856,36736281,115649615
857,32104680,118061072
858,39795157,118935407
859,37701831,118960541
860,30371685,117663467
861,30386494,119573858
862,33666434,116491467
863,31277703,119138689
864,35179680,112243670
865,39027785,117470183
866,37999997,115328267
867,38602585,115881555
868,39762561,111910778
869,38956092,113328685
870,33232107,117302922
871,36338575,113398168
872,30305853,118390860
873,39945474,110842907
874,36141044,112663645
875,36384523,117953701
876,31244468,115316878
877,32481497,111284932
878,37948221,113163991
879,37753528,116427410
880,39367912,118887079
881,31408136,113794443
882,38254619,116409867
883,36404481,114825256
884,31954453,116264638
885,30955940,111437418
886,38576411,111245582
887,34154986,114915657
888,35675046,115470424
889,31329295,113854507
890,31242992,118165399
891,31542649,117012334
892,39316455,119132824
893,36927309,113074290
894,35800483,111263486
895,35818765,118716098
896,38222447,111105662
897,36661586,117112686
898,34223082,110452085
899,30934938,119321485
900,33266634,114974110
901,37335606,117727210
902,37294364,118846593
903,37701446,111694861
904,34271445,110456559
905,33105133,117448446
906,37250121,118437401
907,35436034,117637636
908,39565788,115510600
909,39996836,118473037
910,35970600,113659360
911,35427539,114407770
912,35263884,118935900
913,34384736,114035300
914,33195973,115471192
915,31096610,113511831
916,37403788,112351828
917,30417541,115546733
918,36709048,113795233
919,38080461,117190890
920,30200403,113619746
921,39748960,113275014
922,39701692,115653966
923,33125194,119846682
924,30115907,118983253
925,30769735,115362152
926,31216527,116013125
927,38522853,111309769
928,36689643,114108201
929,34154708,113967531
930,31521295,115720003
931,32513697,115595223
932,38116227,112871303
933,33428424,115397228
934,32554258,116559664
935,39848405,115145717
936,31305850,116608079
937,31794328,110249368
938,34819952,119766877
939,36865463,116256996
940,37542264,116575951
941,36627181,119940985
942,32349209,114785468
943,32986847,112043945
944,30061199,117945507
945,36319592,117180783
946,38973134,117813915
947,30439980,114322637
948,33273908,114867736
949,34829111,110689069
950,33332773,112473677
951,38244070,114184150
952,38759301,118078366
953,32888814,112762629
954,35060336,114652832
955,36843433,112100083
956,30385039,118360931
957,33936212,115104614
958,36965654,116918834
959,39221778,112571565
960,39816494,111909656
961,38615653,118994087
962,30830025,114608583
963,36348962,113258308
964,32580451,112941016
965,38379558,117003713
966,38442978,113258109
967,36649880,113574756
968,36137892,119108052
969,39615230,119048454
970,36232526,114673217
971,38950020,110279732
972,39883331,115176044
973,30853444,113246990
974,36139554,117138022
975,34679404,115193386
976,37419659,116424137
977,39328270,116689867
978,38806068,116532621
979,34212474,118954911
980,35495421,113104343
981,35317415,112495994
982,33343733,117379929
983,34268939,116164191
984,38436159,112690179
985,31792998,112239278
986,30469483,110248244
987,37721565,118791212
988,30991781,111125840
989,38698668,111605188
990,36168397,110222934
991,31013184,112182039
992,36647526,118989019
993,30396341,116932359
994,30202034,113694609
995,35320766,110568512
996,30416039,116349524
997,39460811,111147972
998,33269875,118745852
999,39664207,113186021
1000,32770735,118659165
1001,30479968,117820839
1002,33165887,119970883
1003,38069272,112212412
1004,37488020,119943898
1005,36141023,113560248
1006,39703106,117591904
1007,31925101,110434456
1008,38362176,119921465
1009,31101659,114297937
1010,33312491,114373303
1011,32990401,114912931
1012,33151374,112926417
1013,39993442,112667444
1014,39753307,110860142
1015,39425157,113529127
1016,38996855,115047537
1017,30493018,116521837
1018,35670400,114108019
1019,32109876,112822200
1020,36486416,118715602
1021,34125490,119305657
1022,30377778,117560161
1023,36701830,117557627
1024,33085895,119183448
1025,38289653,118907167
1026,32029549,111823511
1027,37506751,113176710
1028,36032508,117677786
1029,31918125,113240524
1030,31796090,116146987
1031,39645920,113197115
1032,35895332,118241128
1033,34545712,119859487
1034,32938289,113831948
1035,30556998,117735051
1036,38932765,116214774
1037,34568586,116769621
1038,34351501,113634384
1039,36265316,110429449
1040,39347843,115517112
1041,30195558,112814858
1042,37455086,113687737
1043,31582716,115610746
1044,31260365,112183201
1045,38772632,114860122
1046,32172575,117245082
1047,30052313,111384487
1048,39155578,114378020
1049,31400216,117270182
1050,31999828,116706475
1051,33997761,119624492
1052,34889889,115710256
1053,33308622,115105979
1054,36412714,118308827
1055,31534770,116758922
1056,39109573,114589831
1057,36290203,113829051
1058,35766533,117256570
1059,39808371,118155838
1060,30848745,110254501
1061,35029671,118129240
1062,32089080,114523405
1063,34105912,118500771
1064,34634859,111538085
1065,36783305,113225083
1066,38845210,119383866
1067,36173587,113796464
1068,33359862,111736260
1069,34803658,116444222
1070,37333228,114209327
1071,38061603,110657098
1072,33767231,119746263
1073,34432604,119479871
1074,39828214,118583904
1075,34534718,112694107
1076,35074660,116765661
1077,35956881,114954620
1078,30233297,117064042
1079,35129040,111640862
1080,36776439,116322337
1081,38024357,115702735
1082,34052256,117307683
1083,31703340,116543163
1084,32105580,115662955
1085,38204026,117115473
1086,35348815,114527038
1087,31957015,119559016
1088,38988122,114500657
1089,35904201,117802319
1090,36714836,118196169
1091,38464229,116258346
1092,38438067,117058300
1093,37959153,114603704
1094,32847830,117912138
1095,35589567,116802113
1096,33675109,111765932
1097,35790702,115985778
1098,38328619,116291087
1099,34440762,117568675
1100,39374252,119071929
1101,37880954,114678334
1102,34349563,116303011
1103,35987169,115791769
1104,32501417,115657932
1105,37301572,114715446
1106,38572656,118840801
1107,38308388,113873946
1108,39515292,112250785
1109,37548013,116595573
1110,33565133,112514462
1111,38364385,111811911
1112,33693745,112469250
1113,39683200,110260491
1114,38287714,112321272
1115,38597110,113853444
1116,30601557,112247112
1117,39084248,115118218
1118,31997645,110902044
1119,33672359,117888193
1120,35279769,110323242
1121,39206397,117099493
1122,39396767,110793387
1123,35785983,110818233
1124,30830534,116928787
1125,32784887,115377579
1126,37076142,113717900
1127,34570812,113278949
1128,30248687,119720405
1129,35567355,114368109
1130,30382470,114400459
1131,37433982,118678002
1132,32125683,117010889
1133,36732193,117651663
1134,39077928,110976539
1135,33668330,113051574
1136,31886370,115662411
1137,38324358,113535428
1138,38471439,116755008
1139,38317535,110996627
1140,38595767,119389755
1141,35969135,113676125
1142,38865630,111810891
1143,35264358,114545288
1144,39467458,115520192
1145,30958185,110871285
1146,38768894,113232778
1147,31272322,112168244
1148,39692162,110421532
1149,35917421,116612454
1150,36799995,118729734
1151,35519605,112512396
1152,30651264,116738455
1153,30813145,113810248
1154,37939477,117243317
1155,30837596,115845244
1156,35739341,116214127
1157,32587172,111940118
1158,33736286,112627862
1159,36403163,116155872
1160,35196547,113005432
1161,33816146,111073937
1162,33605555,110940898
1163,34462777,112401173
1164,35391957,119943385
1165,38035810,119893599
1166,34553459,119393992
1167,35404556,112226226
1168,32111714,116115591
1169,33486613,114549371
1170,37704358,111148696
1171,39433111,113879664
1172,37355293,114854679
1173,34958560,116823553
1174,31619264,119529948
1175,31803775,110984766
1176,38823946,119714328
1177,36301855,115495661
1178,39884034,117622497
1179,32724317,113839515
1180,38185939,112127121
1181,32975149,118614110
1182,32411920,118397737
1183,38862616,111883510
1184,33753002,116388463
1185,34042835,115867869
1186,30298253,117178784
1187,35246112,116669499
1188,33123431,110587180
1189,39587660,110874330
1190,34862415,118692954
1191,32248802,115995515
1192,33939940,112957809
1193,39878972,111773825
1194,33847160,119166571
1195,39031920,111982346
1196,35975440,113736329
1197,39187015,117596212
1198,38108835,118202737
1199,38025960,112514393
1200,31982048,117761881
1201,36169363,111332618
1202,31307566,112333381
1203,30041703,112351319
1204,33795110,118673464
1205,37957607,119019678
1206,39159954,119462183
1207,35515067,115220119
1208,37974023,117716496
1209,38192752,119447068
1210,35604796,112781914
1211,30330065,116523084
1212,32205029,116626629
1213,39579828,111594370
1214,36620688,114629467
1215,32197448,112587361
1216,38359945,114231970
1217,37861211,115704030
1218,34398309,111967689
1219,33805278,117476218
1220,38614440,119451459
1221,35823036,113755048
1222,38045655,111183137
1223,33199695,119091440
1224,39281073,111794679
1225,35755498,115317520
1226,36601424,110171352
1227,35186825,111944225
1228,33646602,111396224
1229,34497129,119593922
1230,37470926,119014583
1231,31990381,119938306
1232,38959918,110602974
1233,38272429,111466621
1234,30809336,117199525
1235,34069489,112091860
1236,39732202,110583373
1237,36910019,117467870
1238,34850406,119160198
1239,32453605,115755040
1240,30476420,110338287
1241,35107415,111792831
1242,39601785,110866867
1243,33151606,114417456
1244,37060012,111450121
1245,38453222,113485259
1246,30629363,113231738
1247,39920642,115310164
1248,31686938,116697401
1249,37795521,114497742
1250,37485317,111604317
1251,32582853,110612072
1252,31284363,119298688
1253,39087945,116547298
1254,34776352,114007619
1255,39852765,112719086
1256,38972227,111232741
1257,38887848,117709763
1258,36945425,117681118
1259,37398465,113082184
1260,35720178,116075498
1261,36741515,110401325
1262,38849170,117387278
1263,36577711,118568512
1264,39361581,117253840
1265,39862795,118464151
1266,35360811,116353322
1267,37785906,116049755
1268,33929450,118729705
1269,35952527,116729001
1270,33324652,116660071
1271,34579001,112966185
1272,31031626,117613924
1273,39127029,117853282
1274,37046856,112500101
1275,39837676,116301498
1276,31996320,117855108
1277,32791296,111098337
1278,36971724,115125413
1279,34311492,111562671
1280,38736216,119137745
1281,34372639,118531896
1282,30343843,113022050
1283,35192901,112288662
1284,37978477,114810595
1285,36416480,111996251
1286,35477562,119859513
1287,31044899,110575328
1288,35305598,119212682
1289,32682007,112279835
1290,31478261,119344134
1291,35890285,118446447
1292,37238205,115655252
1293,36546805,117773614
1294,34416388,118491161
1295,31690090,113648695
1296,34746056,118168107
1297,36605495,110881584
1298,36321819,113761514
1299,31497265,117632908
1300,31150420,115246442
1301,34120450,110069261
1302,33647447,116171372
1303,37746423,114408535
1304,31642439,111252904
1305,36448027,112644687
1306,39119863,111723752
1307,37316626,113286275
1308,33522079,111935567
1309,30557989,112401962
1310,34026869,118825366
1311,31370922,114850142
1312,34600144,110365676
1313,31234240,110936495
1314,30074504,110993100
1315,33790066,112821751
1316,30008377,114713468
1317,37249511,110870271
1318,33574517,111707494
1319,36465005,111402183
1320,31291817,111353305
1321,36847100,119899553
1322,36177575,117023336
1323,32627159,118192723
1324,31428011,118463353
1325,39353945,115386949
1326,32913245,118659815
1327,33982380,110797610
1328,35083583,112648535
1329,32874652,113253987
1330,38368234,112035543
1331,32763410,117130900
1332,37775958,117387957
1333,36983108,113334050
1334,33665524,114228090
1335,31691550,117847346
1336,39974292,115908502
1337,38598818,116019619
1338,36456916,111004073
1339,37437196,117003327
1340,34834699,111240699
1341,34994790,112230975
1342,35318564,113957068
1343,30363373,110503064
1344,33896798,119050577
1345,36766471,112906451
1346,37375039,114457785
1347,37801151,111898194
1348,33284135,111969229
1349,36380321,115016766
1350,37606032,115046451
1351,32910686,111057749
1352,33810325,117125860
1353,38081441,112094822
1354,33989012,112348209
1355,38679185,114261454
1356,32673579,112343539
1357,33600919,113130624
1358,37672396,110346069
1359,33701184,117476809
1360,39847457,113029265
1361,35505267,115057178
1362,30102364,118562363
1363,35379038,119145943
1364,39918271,110179346
1365,38334618,114365851
1366,36648571,110584386
1367,33086349,117733087
1368,34023393,119339781
1369,36493006,116999018
1370,39337120,113773449
1371,30732808,119183752
1372,38276185,112769812
1373,36572785,110930255
1374,36204401,113914249
1375,32721389,110920930
1376,32008119,114124775
1377,32723056,117211080
1378,38766052,110012123
1379,30163368,110235127
1380,31343077,110615929
1381,39513444,115119387
1382,30493908,110443569
1383,31595735,110867943
1384,32898450,118655366
1385,32434720,116169373
1386,34863864,113674528
1387,31190832,116129906
1388,30504047,112553817
1389,36236892,110173718
1390,34587568,116695714
1391,31354453,111913963
1392,38386741,111684052
1393,35608605,111042998
1394,36611800,111743450
1395,37025101,119158408
1396,33998455,113536046
1397,35462503,110399353
1398,33331683,112099832
1399,30282606,117892941
1400,33112248,113112850
1401,37963849,117708173
1402,31863147,117999734
1403,36864934,115562582
1404,30092288,110287547
1405,38071623,113336275
1406,34199448,111618691
1407,32939837,118960597
1408,30912318,113241009
1409,34379225,118732365
1410,39053886,119074215
1411,33679367,118826671
1412,36101711,114093518
1413,35482825,111886897
1414,37750572,117983782
1415,35152134,111389088
1416,33112817,118999778
1417,30006889,114657848
1418,33665973,113978379
1419,36451492,116665886
1420,39323160,119141283
1421,32353192,113583878
1422,33915149,117260424
1423,31836484,113522410
1424,37310684,116758733
1425,39524488,111315512
1426,37378314,114540468
1427,34652478,116993999
1428,33410457,113961326
1429,37486998,117170970
1430,32250583,118039302
1431,37991011,117552980
1432,32228251,114379730
1433,38113681,113447685
1434,39393175,110623467
1435,37061705,116766572
1436,36516819,117098025
1437,38788039,111091908
1438,30142277,114442540
1439,33196633,114292712
1440,34494465,111193722
1441,35250334,118381000
1442,34473018,119053127
1443,30622164,115194444
1444,36019406,118258087
1445,32009198,117702248
1446,37080904,118413215
1447,36165556,111814030
1448,38849691,111609583
1449,36425680,114221222
1450,39118108,112108955
1451,37479994,115151349
1452,30685598,119701816
1453,31685602,110868795
1454,39357387,112480910
1455,34130932,116801108
1456,35747670,117373446
1457,35738018,114995790
1458,32569295,112982186
1459,33217055,110034653
1460,35208702,118776826
1461,34580267,115352690
1462,35893412,113803297
1463,33763568,111585282
1464,38712118,113784428
1465,34604236,115654568
1466,38325872,110924856
1467,39406784,111089761
1468,38856968,117474369
1469,37175035,112528738
1470,35813651,119688685
1471,32709599,115409951
1472,36256257,119933864
1473,30638261,112623313
1474,38603505,113473379
1475,31353408,110851953
1476,35470949,118266725
1477,34329760,117085547
1478,37360845,118042468
1479,38520781,111534908
1480,39615017,114350686
1481,33975933,112260641
1482,33628752,110015796
1483,36696932,117887528
1484,38234057,112130128
1485,31785240,113330063
1486,33640556,116582817
1487,37111905,113350603
1488,31223091,113112624
1489,39965509,110113339
1490,35960200,113282425
1491,31120883,113043086
1492,36952112,110587262
1493,34795993,119277561
1494,32216603,111536046
1495,30040398,119358324
1496,36428808,118488938
1497,31981967,112807636
1498,34735965,115659907
1499,33927506,110741317
1500,38323982,117502395
1501,38400936,119525527
1502,39499398,113615964
1503,37989535,119511430
1504,31576939,110565580
1505,32830323,112186748
1506,30115973,117492557
1507,35377677,118010101
1508,34705629,111078452
1509,35769700,115433333
1510,30685642,110221684
1511,37267618,110464791
1512,34388083,118585760
1513,38838781,118377915
1514,31245178,119528839
1515,37431575,115184640
1516,30988222,116647275
1517,31443752,117628022
1518,31359547,115013001
1519,36885587,119049647
1520,31211388,110622229
1521,31758425,114436747
1522,35459606,117108913
1523,37403686,110838226
1524,38426063,114343519
1525,39758913,110948062
1526,37406706,116248409
1527,35118334,113243865
1528,32310675,110416776
1529,32292740,119637819
1530,36967516,116918938
1531,37127929,112372383
1532,37663463,118007626
1533,36499357,110928884
1534,30348073,118412208
1535,33784129,110800910
1536,37663315,110560716
1537,38207432,111138797
1538,32379616,118115488
1539,31568016,113405974
1540,34231269,116440779
1541,36938726,119133912
1542,37368293,111667166
1543,39635344,112720783
1544,30978886,118932386
1545,38941475,116275455
1546,33493724,119785324
1547,38847640,111399225
1548,36952610,116073450
1549,33674481,115523351
1550,34557658,119823528
1551,33528251,117478753
1552,34328921,111955969
1553,35534079,111142641
1554,35085441,113765331
1555,35034717,119543438
1556,32432264,113888595
1557,39096360,112791244
1558,30013286,116220169
1559,33514416,110866437
1560,34444339,115880019
1561,39704382,116773688
1562,38867920,114986768
1563,36165696,112310559
1564,32284179,116925641
1565,37629588,114271877
1566,30122318,117389125
1567,35574712,110389173
1568,38185847,114926999
1569,37930748,112842789
1570,35208627,118702806
1571,39546026,111448801
1572,35333095,114387910
1573,39866234,114150627
1574,39692401,110565035
1575,32692984,113041649
1576,36013596,119215500
1577,38565955,117693853
1578,35032804,113078571
1579,34179463,111088024
1580,35109490,115564093
1581,36221655,115593426
1582,35063631,118411394
1583,36647055,114931965
1584,38743567,114774391
1585,35817381,119207679
1586,35864007,110216627
1587,39419447,119969279
1588,38697977,111901785
1589,36502873,114681169
1590,31677204,111520387
1591,37740822,113651520
1592,33707149,119144232
1593,37826392,115872120
1594,34555312,119631487
1595,39885078,118166957
1596,34777988,110511594
1597,31463447,114460974
1598,36453025,119086116
1599,32097381,116371607
1600,37991408,111482725
1601,31269796,118311986
1602,35400215,113544958
1603,30894806,114385774
1604,33020330,116777009
1605,30910235,114324147
1606,32467529,119291553
1607,31895578,116372206
1608,39908377,117802716
1609,30434436,111379465
1610,30870088,117010217
1611,30265748,117995307
1612,37227085,112630215
1613,37906145,110053875
1614,31780931,116480783
1615,39674322,119662328
1616,36064723,113914527
1617,34770735,118992641
1618,35961404,116826690
1619,35552163,113496368
1620,31602378,114631345
1621,37185556,115083700
1622,30408351,114632901
1623,30382511,114522377
1624,32836783,114948942
1625,32341402,112826650
1626,38995490,119240521
1627,33408954,114430290
1628,30759000,115955775
1629,30901632,115597862
1630,30381580,112593115
1631,30306412,119439193
1632,37373762,113540556
1633,34826409,114728352
1634,30425003,119461358
1635,31398733,113061732
1636,37646477,112210741
1637,35809538,112500295
1638,31424650,118273885
1639,34073430,112252163
1640,38777503,113109254
1641,35563302,111635373
1642,31399951,113954587
1643,39413043,117475359
1644,37097718,114422370
1645,37762719,119380459
1646,37434271,117809553
1647,39311205,114500780
1648,38145270,117139226
1649,34881135,112694641
1650,32731484,117566202
1651,39695279,110758897
1652,33872489,110434662
1653,31206152,114640130
1654,35608439,118688509
1655,34760854,110884916
1656,30216357,113843787
1657,32607070,111586612
1658,32627380,110580065
1659,34096082,119816799
1660,34381745,110055343
1661,32804669,114340686
1662,35273777,113987752
1663,33228914,113548516
1664,32470889,118447391
1665,32884486,116081052
1666,30073777,117711680
1667,37241227,113470534
1668,37840124,112800762
1669,37082950,119939849
1670,37347443,110203778
1671,37463532,112613859
1672,33403066,113955652
1673,39648119,116702323
1674,31892656,118942845
1675,30626681,114741871
1676,38534869,116532901
1677,37012793,118243608
1678,35686347,112492099
1679,32190189,110986364
1680,34630170,118396022
1681,34389413,111452840
1682,38613738,118006713
1683,32010984,112552416
1684,30980302,113506704
1685,36557566,118738146
1686,38516198,116430211
1687,30217254,110563566
1688,34437343,110591938
1689,31201701,119308123
1690,31160616,117668450
1691,37199935,112506563
1692,38750127,118327053
1693,34144410,115952280
1694,30437405,112703991
1695,31682831,116157285
1696,33251420,114793170
1697,39340665,110467872
1698,36426709,115464650
1699,32905929,119107164
1700,33242803,110885200
1701,30462272,112059331
1702,33327408,114961919
1703,31917717,113089881
1704,30432659,110619693
1705,34959670,114893273
1706,36430624,118771382
1707,30081252,112519867
1708,38686075,115957671
1709,30374597,119032863
1710,34141344,112628009
1711,32874049,115859207
1712,36051549,112521369
1713,34952359,119202409
1714,32938160,114386211
1715,33491851,111273412
1716,34010016,118971245
1717,30608006,116812478
1718,36722241,116395480
1719,30115722,119448902
1720,31902162,114390111
1721,37447459,111095836
1722,39382179,113633973
1723,35306849,115705555
1724,35929888,115863240
1725,31562327,116883674
1726,38053765,112830806
1727,39680088,113589575
1728,39069185,117835911
1729,36597004,119335997
1730,37356478,119511845
1731,30869804,116003450
1732,34705745,112097917
1733,33129142,116621456
1734,33333653,116610671
1735,37415641,117688788
1736,37747017,115052187
1737,31244847,116580038
1738,35149516,114573560
1739,30288584,119156498
1740,33661704,117872429
1741,37579040,112259350
1742,39949114,110939442
1743,33267337,118610930
1744,39956123,110251587
1745,34424759,119369223
1746,37455113,110284985
1747,32422616,118759877
1748,34430554,113177771
1749,32446841,117252770
1750,37735013,111966937
1751,34497173,111918334
1752,38724756,113751064
1753,39779011,118691666
1754,30662331,112520956
1755,35844703,110163477
1756,31251859,114697733
1757,35055416,111833805
1758,37354961,111380494
1759,35650842,118529915
1760,38948173,111355292
1761,30258460,119271820
1762,38494872,111648131
1763,36178546,117783193
1764,32957106,115928352
1765,36685658,115351503
1766,32599313,116449508
1767,31010142,115687260
1768,32512056,112605690
1769,31285936,115910852
1770,34040039,114259484
1771,35710192,116745393
1772,39973822,117044727
1773,39337043,114181244
1774,33686015,110942558
1775,36849284,114647457
1776,36039784,112256964
1777,32025565,113323763
1778,30797126,117747050
1779,38961427,110806192
1780,38736302,116497993
1781,38321303,110292634
1782,30370629,119573767
1783,36888714,116557920
1784,36827612,115768512
1785,33606178,117858292
1786,36214122,112873730
1787,32541656,112305489
1788,38055131,114670160
1789,38828061,119833428
1790,30152372,113819061
1791,39886490,114421064
1792,32058662,116237625
1793,37721568,117208999
1794,32416128,117837691
1795,30602829,115364551
1796,37830773,110351571
1797,37311539,114792456
1798,39631828,113407846
1799,37363616,116443982
1800,36205955,116686739
1801,35543012,116056397
1802,35322706,112834164
1803,35032197,111607741
1804,39580712,117331171
1805,34065134,115973330
1806,37611532,117185817
1807,33491608,114475115
1808,38975690,110713226
1809,34456798,113368801
1810,34131451,113571153
1811,30254779,114501800
1812,32764724,118548829
1813,30853890,113844712
1814,35036242,117384349
1815,32628430,112887831
1816,33431049,110573391
1817,39200646,115784571
1818,38463793,119492060
1819,35784547,117634133
1820,34640849,115693857
1821,34846674,116186467
1822,39736939,115515488
1823,38287016,111684439
1824,35689770,114471885
1825,31127524,119705389
1826,39134083,112275369
1827,33096583,111758505
1828,38739864,112212186
1829,34104343,116626363
1830,37632705,119588465
1831,32543192,113887743
1832,30895898,117466961
1833,31002106,119379588
1834,38124047,112646722
1835,35784754,119843102
1836,30478300,110094567
1837,34833211,113899757
1838,31102103,113825318
1839,32423800,111612405
1840,35368114,114317975
1841,34106857,110495264
1842,38447694,116450797
1843,39692039,115673928
1844,36591421,115205250
1845,38715107,111694903
1846,37848737,118767612
1847,30668513,116756381
1848,33344319,114510174
1849,39087266,117685595
1850,30091718,115435946
1851,30929872,115370922
1852,36102135,114075110
1853,33106688,116550859
1854,30956966,112027304
1855,34702374,116117350
1856,32733312,117950683
1857,37385039,115629598
1858,37454441,111182669
1859,33766567,110191117
1860,33701339,114048899
1861,38606611,115382279
1862,31613009,117903438
1863,38693231,115203117
1864,37430887,111714496
1865,35945301,116594266
1866,33721856,114098129
1867,34619637,115743605
1868,30283816,112559741
1869,31423900,115225299
1870,34209819,112795127
1871,31445464,113570041
1872,30479864,118341540
1873,30910655,116285728
1874,30187455,119915958
1875,39462373,113755265
1876,37931562,110417373
1877,32809317,119596179
1878,30703248,118197355
1879,35906508,110978951
1880,38122492,117478747
1881,38887615,112728544
1882,32058321,110661683
1883,37224478,115484600
1884,30917856,111399377
1885,38542608,119340732
1886,36467555,114376418
1887,32408290,114182507
1888,39024109,118818328
1889,39898373,118843821
1890,31087946,114345183
1891,37159733,116838341
1892,37939303,114677618
1893,38665212,113303357
1894,31319854,115456563
1895,33549074,113966915
1896,30814239,119284477
1897,35436254,113187917
1898,32005681,110258195
1899,39007250,117082919
1900,32316740,110330707
1901,38202036,116958259
1902,38024312,119086340
1903,39712450,118417202
1904,36032823,111210718
1905,35282407,117477505
1906,39260327,112342554
1907,31438413,110320000
1908,38954005,112546613
1909,34694022,117993261
1910,34423545,113807577
1911,32414405,116925178
1912,39651627,113324285
1913,34686513,119303866
1914,34426384,111035823
1915,32654574,113984433
1916,39743403,118306141
1917,38275216,116632141
1918,37559582,119213892
1919,37326306,111956972
1920,31012793,111707731
1921,32302035,113848010
1922,31749493,112850657
1923,34576875,115791366
1924,33155624,112632577
1925,39778040,113140192
1926,30373274,112637289
1927,31716769,112180830
1928,38640200,116162287
1929,36597774,114868520
1930,30387448,112055939
1931,39130815,113250029
1932,39016477,116729478
1933,31952038,118825430
1934,37474949,112121929
1935,33253053,117537684
1936,33099038,116729561
1937,33038525,110039300
1938,38167560,115569055
1939,37677650,111474677
1940,37613198,115110304
1941,37535152,117365036
1942,38930240,117494910
1943,33237138,118105794
1944,32590127,117328722
1945,31162934,117578097
1946,35899320,117838301
1947,32051838,113808901
1948,39336284,119397348
1949,37066064,115684182
1950,39942120,110315368
1951,36060678,114144875
1952,37035468,118576941
1953,32977421,110137922
1954,37079327,119446523
1955,32140558,116082001
1956,35692631,113285645
1957,32906093,113859667
1958,31866441,119393102
1959,34733034,117542044
1960,31104734,110889093
1961,34750372,112564401
1962,37731505,110273208
1963,37692716,111581305
1964,30135196,118172503
1965,31229094,111735339
1966,33083971,117580983
1967,32295325,118842652
1968,34184992,119347683
1969,34993983,111057895
1970,32137999,112846202
1971,31725165,112893008
1972,32836931,110432820
1973,35186839,114644547
1974,30024365,116117446
1975,38988625,111371526
1976,36519786,110319526
1977,34258303,115210098
1978,33362120,111007291
1979,35771765,113558263
1980,30667220,118947721
1981,34665833,118885298
1982,37642255,112094903
1983,32233198,114873147
1984,34587126,119278659
1985,35638000,114586754
1986,35398327,119309796
1987,36481604,111009723
1988,31153244,112226019
1989,37632781,118466262
1990,38708325,113766252
1991,34240042,118451904
1992,34422049,117423248
1993,37852674,118549175
1994,30913984,115077407
1995,31262797,113140631
1996,33943863,119888093
1997,36309399,118515690
1998,30710135,119940891
1999,37673903,118882817
2000,30987073,110748979
2001,38288633,118701348
2002,36595020,114959432
2003,37318078,110244292
2004,34838000,117470655
2005,31974745,116654799
2006,36141378,118860590
2007,38098367,119658943
2008,38374133,118746551
2009,33308791,113105881
2010,30474860,110415582
2011,36184738,114984352
2012,30649236,110370004
2013,30672670,117226218
2014,37768508,114186297
2015,30506648,117162536
2016,34157931,118125274
2017,34193389,118222397
2018,38206985,117641681
2019,31372389,113968363
2020,36452191,118328874
2021,31389034,111019136
2022,34879399,117142767
2023,33813695,112240444
2024,31980641,119089575
2025,30661715,116754831
2026,37456177,111218697
2027,39037850,110896638
2028,33123408,112272440
2029,39174006,110797139
2030,37540928,119797072
2031,39558164,112440157
2032,34909796,118141432
2033,36134567,117612232
2034,30708949,112959402
2035,30622581,112108923
2036,31927598,113282634
2037,33858790,110918373
2038,33461853,119747867
2039,37844942,115861127
2040,37883234,110389235
2041,35344757,113752439
2042,36448696,114516447
2043,36454116,119948079
2044,35371581,114096284
2045,34927828,114942399
2046,33131021,113331960
2047,39057640,113199271
2048,31781252,113074945
2049,31689894,113369928
2050,38081823,117546608
2051,30882861,113562366
2052,31452890,112823388
2053,37179223,116355544
2054,35998254,113681238
2055,32988000,114401537
2056,37705813,111070727
2057,38438534,117624615
2058,37113567,114657245
2059,31596630,111341737
2060,34737068,117261614
2061,31183839,111880678
2062,37395377,118037086
2063,30299011,119501975
2064,33226800,117850633
2065,36530092,119941226
2066,30235423,119530386
2067,30586898,114710012
2068,34893498,111957131
2069,35608250,111441722
2070,32009791,112228465
2071,31916689,115179725
2072,30236795,114771727
2073,30052348,113792964
2074,32055893,116933928
2075,35973552,119374409
2076,37313165,117896076
2077,31772188,110583336
2078,38129622,111919607
2079,31447983,116988358
2080,39524671,115593996
2081,33269656,114877348
2082,32611004,116773964
2083,36042593,118080269
2084,39756356,115363140
2085,38707044,111921415
2086,33998450,110875321
2087,30905573,111202563
2088,38164206,113263630
2089,35147218,118768210
2090,35618338,111216575
2091,35947710,114584509
2092,39059246,112307030
2093,38514989,117176955
2094,38485470,114537107
2095,37310774,119083600
2096,34962543,110812459
2097,39980407,114236926
2098,31602725,118003976
2099,30034078,119867051
2100,30557153,119832619
2101,37572080,119880340
2102,31038456,115618213
2103,37599274,115521759
2104,32441071,119903643
2105,31651877,117567103
2106,38467938,110835238
2107,30934424,111579137
2108,37482388,113842344
2109,34461514,117541225
2110,34905825,117404987
2111,39957524,117598586
2112,36421930,116582726
2113,39658708,114371674
2114,39547689,118789188
2115,35394659,112692513
2116,35297176,118706217
2117,32812289,117522577
2118,33720033,114384028
2119,34347659,112360841
2120,30862868,115158784
2121,31455681,117058323
2122,33913130,111885146
2123,32757102,115502199
2124,39795264,110581977
2125,39591269,119385285
2126,33295851,114234405
2127,31861038,111760733
2128,31652416,112581943
2129,39224499,115664634
2130,36695356,115385474
2131,39768245,113460431
2132,32846525,118454806
2133,30028007,110832506
2134,36594683,111798520
2135,33438971,119909786
2136,32742544,111886285
2137,30247565,115324636
2138,38640752,112966081
2139,31511711,110972648
2140,35179179,111718048
2141,38640748,110833869
2142,37699715,118747226
2143,31483464,113234333
2144,39250351,110973290
2145,33953331,110777146
2146,38112207,118952511
2147,33389351,113658960
2148,31415332,114353394
2149,32703457,114589480
2150,32953692,112591062
2151,31708011,116441441
2152,38113001,118964389
2153,34015763,111548165
2154,33644497,111136881
2155,38542654,116319174
2156,36938191,117956946
2157,39009031,110467730
2158,39771478,113055334
2159,34488166,117611312
2160,38721891,118724827
2161,30958254,118317365
2162,35469562,117854794
2163,38784372,116609918
2164,39878629,115201866
2165,33083108,111641740
2166,35592099,113709289
2167,36217823,111162374
2168,33183139,115990248
2169,33765113,117529003
2170,39496900,117222667
2171,33675985,118338841
2172,33537808,110983594
2173,34747617,112506285
2174,30842913,110871779
2175,34949431,110259444
2176,36446961,116039976
2177,31255072,116156634
2178,38518364,115383397
2179,34745329,114109497
2180,39721662,117366533
2181,35889530,111075867
2182,30962788,115613605
2183,35983511,111246902
2184,36414960,116217767
2185,35241398,116343143
2186,33034922,117696030
2187,36647134,115976609
2188,38014434,115724238
2189,37019658,112823350
2190,36381142,113430007
2191,34704675,119993521
2192,36137702,119984022
2193,37042174,118935299
2194,32128799,116370045
2195,32228646,119055466
2196,35910690,116564984
2197,31548100,112822535
2198,30314213,111243488
2199,39057921,118320140
2200,36155771,115578594
2201,35256255,118472859
2202,33157313,111688517
2203,31694248,116562071
2204,35991589,116331534
2205,34850490,118570992
2206,31823714,117131291
2207,34094306,115633395
2208,39175799,115272647
2209,33011042,110479069
2210,34448590,110918159
2211,37556157,112789791
2212,36240835,114527656
2213,31909911,112951567
2214,31984111,116733698
2215,36925650,115606612
2216,35363957,118950792
2217,31655140,116619634
2218,39732633,117059994
2219,35006740,110432597
2220,35135231,117438052
2221,36493599,116205912
2222,35636078,116272260
2223,36642657,114564381
2224,37455225,115592943
2225,35387875,119130059
2226,37667725,115261308
2227,34551180,110406356
2228,36376721,111552382
2229,32086469,119963658
2230,38737464,116483163
2231,30024535,115683431
2232,38904783,110329843
2233,35891383,113804748
2234,31719777,110475927
2235,33118562,115825728
2236,37914619,111521700
2237,36027163,116879645
2238,38305257,116852810
2239,34859387,118260954
2240,33732933,115792825
2241,33902172,111948006
2242,34679298,110349930
2243,37067196,114084485
2244,31900054,115188683
2245,35004934,112632288
2246,38619529,110300288
2247,32935753,111621374
2248,32541251,113980121
2249,36007322,118100131
2250,37390340,117488887
2251,39586695,116981419
2252,35814436,116360471
2253,32151995,115150742
2254,38626836,112898894
2255,39568040,115643848
2256,30584470,111108042
2257,33097804,110667164
2258,33137621,116242112
2259,32929805,111579068
2260,30834634,116048639
2261,36385657,117303357
2262,32163643,117410774
2263,34918392,118652178
2264,36369980,115909599
2265,31800012,116327880
2266,30905317,112027645
2267,32660867,117649396
2268,31995425,117024948
2269,38275646,113311156
2270,31475203,112770076
2271,39659481,119159662
2272,38249805,112368830
2273,31752575,112434437
2274,39170145,115678196
2275,38740695,117860020
2276,33154363,110269112
2277,32885380,118239080
2278,31499224,111056785
2279,35321489,113857507
2280,32383341,113156750
2281,30089305,113309555
2282,37807913,117236240
2283,34247328,117360177
2284,34585400,118467486
2285,31273894,112420097
2286,30441572,115310646
2287,38512367,117197121
2288,31900749,115998003
2289,33888660,119977890
2290,34435449,116861894
2291,38165989,112623005
2292,34206046,112019217
2293,32860353,114482502
2294,39524176,112207843
2295,34586066,110836003
2296,38619079,118689657
2297,35151995,117756727
2298,39155198,112155091
2299,39705199,117703409
2300,32435129,115522798
2301,36592514,117589534
2302,35735069,116391123
2303,33485161,117392356
2304,35274704,110295173
2305,34463030,114270187
2306,38960269,113798736
2307,36053761,111625299
2308,35066583,116050746
2309,35671227,112866238
2310,35149807,116046934
2311,32284159,117319030
2312,37606606,117950527
2313,39730925,117703343
2314,33185565,110712006
2315,36944624,110922020
2316,34107905,114970363
2317,36584922,110664041
2318,38484816,118899197
2319,37520075,113074916
2320,35624516,114216508
2321,34892686,119550178
2322,30366410,111483223
2323,36304686,117860708
2324,34344614,111486417
2325,39588555,111156987
2326,35080413,112457321
2327,37615131,114741849
2328,32525479,114917950
2329,37438408,112727495
2330,37796796,114849082
2331,37974778,111682686
2332,32328553,115862220
2333,30232070,118103380
2334,37890699,116793476
2335,31466526,118369101
2336,34552910,113170590
2337,30091535,116394099
2338,34023420,111162219
2339,32600741,112786966
2340,39050902,110853652
2341,30032646,113925665
2342,30972922,117692423
2343,32052791,110957248
2344,32243127,111488651
2345,32906354,118332067
2346,37796888,114805576
2347,31599000,112896677
2348,36201748,112825827
2349,38485522,116802585
2350,33885700,119516336
2351,35933988,115909749
2352,33279746,110463328
2353,38964554,116365213
2354,31332398,111745182
2355,33333270,115301390
2356,35546315,111846924
2357,34865177,117420452
2358,32212168,117845720
2359,30942078,112387987
2360,34903706,115400378
2361,34884136,110705037
2362,37583916,117020032
2363,38659245,110928045
2364,39566953,112581834
2365,31895571,117499429
2366,32514808,113297458
2367,34485506,113289391
2368,35276742,119032666
2369,32639780,111796622
2370,31179497,115008213
2371,35041497,111536012
2372,35042105,115567117
2373,39631599,116346186
2374,38930005,113180592
2375,33886508,110265493
2376,30059292,111041442
2377,35897119,113255185
2378,33196179,115769550
2379,37509339,115116433
2380,33298089,119317016
2381,31959161,112309556
2382,34381595,115790306
2383,38341927,114838652
2384,36870106,111724472
2385,34441711,115152341
2386,37856269,119490867
2387,37602345,111689426
2388,38649553,111939116
2389,38371909,111240546
2390,32900882,113239811
2391,35715699,119047650
2392,38706360,117177665
2393,34616560,118542801
2394,33357063,119684166
2395,36142090,111686523
2396,31639511,114486733
2397,37286249,111985360
2398,30417547,112627830
2399,36305875,117505841
2400,33898735,115185951
2401,38439236,115360445
2402,36778311,111865334
2403,33816640,115170061
2404,31718043,115313413
2405,36286713,110625392
2406,39713913,115022421
2407,39265994,117474328
2408,30956234,112834693
2409,35634246,113302315
2410,32431684,113196565
2411,38008987,118724922
2412,35620214,119685441
2413,37662891,114857408
2414,30890744,118525913
2415,32512527,110206245
2416,33628865,113106590
2417,39141563,116890244
2418,35020293,119298462
2419,30743446,114680376
2420,31684606,112480338
2421,39361380,118176529
2422,36242029,119277459
2423,33266000,115291208
2424,31923072,110025154
2425,39549982,110982396
2426,31884181,111364285
2427,36189500,117749406
2428,33263760,117482818
2429,35843765,118224267
2430,32370785,113222643
2431,37003300,118700211
2432,35342613,111156860
2433,31020640,119593725
2434,38064861,111274867
2435,30427625,117919655
2436,38715424,114703106
2437,33802052,115677217
2438,39023613,113829927
2439,38901774,117988123
2440,32769702,116849301
2441,33382641,116573699
2442,37637329,118868634
2443,35595168,113829336
2444,37217723,116459943
2445,34495121,115521669
2446,32154774,111859820
2447,33419230,118341209
2448,33542727,114166971
2449,35962722,113113454
2450,38965170,111325819
2451,36792980,115572994
2452,36297354,111983931
2453,30483973,116780905
2454,32525205,114947342
2455,34734804,117466570
2456,35198424,111772691
2457,39329026,116357310
2458,35095932,116951231
2459,31448569,118598100
2460,32964228,110834999
2461,35133925,113068399
2462,31663928,110464061
2463,38162760,112636409
2464,34186394,111439528
2465,38063130,117752891
2466,35908644,111548031
2467,32486245,112641427
2468,34265176,112969700
2469,32060811,111985530
2470,39101340,118304007
2471,36020115,111508019
2472,36840693,114552158
2473,34474957,111913974
2474,32649264,114241606
2475,39117757,113107000
2476,30286876,113596262
2477,39672761,110859074
2478,34379936,118614595
2479,31202887,115215338
2480,30454440,114764422
2481,37185558,115675071
2482,34992682,118614038
2483,35228677,111235771
2484,35372526,113816801
2485,39969662,112667309
2486,30257452,117572411
2487,30414101,114894400
2488,39144720,110199437
2489,33466880,113758412
2490,35797444,111736985
2491,34494380,117822512
2492,31752134,111411486
2493,31886030,112874147
2494,30844800,114000816
2495,33692624,110944297
2496,36868613,112594862
2497,37244741,119152760
2498,34154750,118213036
2499,34088625,116955792
2500,39441833,118760154
2501,37122576,117746040
2502,39013434,115187823
2503,35024366,116806551
2504,31914522,114773761
2505,32531141,110012643
2506,35396985,114799534
2507,32752732,118205625
2508,39001726,117771032
2509,31527060,114561423
2510,36548236,115963420
2511,30573249,116837481
2512,33808743,112129678
2513,37850206,113310992
2514,36945802,111333559
2515,39219855,113502822
2516,39710000,112183685
2517,35380280,110442451
2518,36308375,110082252
2519,36767472,116682167
2520,37815563,115687646
2521,31603609,116021955
2522,37700436,114394014
2523,39322044,118565811
2524,30879085,113759417
2525,39226649,117859745
2526,34297424,115296204
2527,37714894,113347721
2528,30140772,116922816
2529,35445870,113214829
2530,37782753,113073345
2531,39723322,116581951
2532,39029004,116268319
2533,30292190,112946246
2534,33100551,110526031
2535,30262053,115679104
2536,33136170,116021760
2537,33397817,113951917
2538,33606997,110369333
2539,37273585,118417260
2540,37586345,110052248
2541,36234280,113093766
2542,33452455,114678124
2543,38168294,110628549
2544,31409808,114695566
2545,39411550,118338200
2546,38534013,110060638
2547,33003694,117301158
2548,38634825,119498336
2549,39327494,115768923
2550,33585396,119148625
2551,34629322,115149107
2552,35844875,116930778
2553,32976443,117277344
2554,32525864,119894295
2555,38891490,119704800
2556,35283793,117849950
2557,37234190,119036228
2558,37594371,114939238
2559,31622113,112068139
2560,38350169,117688272
2561,30103424,112546817
2562,33469483,117247300
2563,32280947,119980751
2564,35435178,118250647
2565,32313929,117682447
2566,36530871,110563991
2567,34128324,110695377
2568,32660419,110453211
2569,33675509,118173908
2570,39839364,113931344
2571,32872593,119743652
2572,34528941,110830514
2573,32380369,114976791
2574,38746011,113852116
2575,38995789,112277291
2576,33433862,113555488
2577,33166216,113038787
2578,33960110,113356324
2579,33455292,111157144
2580,37472059,119638270
2581,38513023,113375516
2582,36976704,117137942
2583,34290029,110769782
2584,36433895,119009022
2585,38047108,116097088
2586,31582095,111091321
2587,38796949,116799880
2588,35281583,118767978
2589,37252864,112375090
2590,30099136,117166449
2591,37727366,115201949
2592,37735443,117197169
2593,32491421,114481731
2594,30389794,118773314
2595,36430339,110773170
2596,32070748,114367918
2597,34944133,116091710
2598,31984135,111381973
2599,39765882,111434953
2600,31462860,112578757
2601,38386281,115452555
2602,34967201,117397098
2603,33618899,113843685
2604,31142446,116769943
2605,33635325,114157543
2606,39610443,117743579
2607,33661670,115774182
2608,30056417,118091065
2609,36001152,116202901
2610,31641333,116398430
2611,33990592,110417530
2612,38805576,115964841
2613,35662988,113702849
2614,33432605,111599353
2615,33576709,111954184
2616,32140559,113136164
2617,36073468,113151927
2618,32804759,119168220
2619,35339651,112385136
2620,31684299,118201199
2621,34787264,118248680
2622,38490375,119489928
2623,30405221,116867707
2624,36465313,110428491
2625,39991213,119077002
2626,34845760,110892717
2627,33965154,115361240
2628,32779218,111296164
2629,38845929,112194541
2630,38990185,111440635
2631,30605019,110362239
2632,31458556,111022694
2633,38133352,110882620
2634,36396441,117832510
2635,37433400,115970957
2636,36781293,111366142
2637,34791238,112205924
2638,34722630,118268466
2639,32843742,114042611
2640,39083990,114501298
2641,37812518,112305206
2642,30166302,117235934
2643,31416303,110797230
2644,32837234,110627163
2645,36144519,116554021
2646,30224870,116648242
2647,33617980,117592618
2648,30429557,110896055
2649,30461746,115867235
2650,34509515,113227587
2651,37679080,115741749
2652,34063981,110955197
2653,32309096,110217891
2654,36207482,119050062
2655,39619331,114765449
2656,37753114,116497781
2657,31123205,116383542
2658,30789172,117257098
2659,34048645,114178339
2660,30624742,117441383
2661,35215452,119582888
2662,35699319,119276032
2663,37909283,117521953
2664,39677394,116621937
2665,35814205,117294378
2666,39720307,115225242
2667,37003251,112632684
2668,31190873,112016596
2669,36420632,116588926
2670,38526752,119918270
2671,37634038,113223169
2672,37512181,118232052
2673,30284980,119358533
2674,34151159,113416530
2675,32271421,114568019
2676,34190727,114828096
2677,39104958,113013882
2678,32404350,111048005
2679,39654099,115048877
2680,30523170,115549720
2681,33286933,114487762
2682,31780575,113512119
2683,33590567,115839157
2684,37654410,115209753
2685,35535056,113962980
2686,37080067,119207315
2687,31530937,118330592
2688,39460673,110290590
2689,36572507,116783750
2690,38301309,115050791
2691,36155412,119629312
2692,36202851,114018010
2693,37936880,110598396
2694,37801085,119059466
2695,38407115,117573061
2696,32957020,113554511
2697,30985708,116596768
2698,35373643,114029260
2699,33558315,117505180
2700,30347928,110851825
2701,32486955,117100296
2702,39128548,113933809
2703,32955817,113650161
2704,38005509,113565335
2705,30320199,113419306
2706,39934681,112853774
2707,35964797,110824095
2708,37123223,113235176
2709,37823136,110662122
2710,33811013,118042720
2711,31358599,111913455
2712,35274099,112455371
2713,31219057,118368327
2714,39553263,111502627
2715,39848771,116014955
2716,33697219,119461927
2717,36404316,116593456
2718,39422423,117076008
2719,30471851,118277742
2720,30466505,117535245
2721,33712417,115815194
2722,37718592,110767195
2723,38256248,110352691
2724,35020743,116871526
2725,31646714,118800838
2726,35173842,111537059
2727,32757613,114130739
2728,30347775,112694787
2729,31884172,110357772
2730,31496337,113984498
2731,33686991,112686566
2732,30657669,111786940
2733,35525703,110341169
2734,30964496,117374576
2735,35815526,115239761
2736,36712809,117845156
2737,33333274,112714990
2738,33998075,117158074
2739,32125907,111196685
2740,39026346,113776202
2741,36618198,110708753
2742,35029200,116050849
2743,35866770,115615120
2744,32533290,116286076
2745,35312900,118791851
2746,35879638,117152600
2747,37065957,117718881
2748,30738021,110615028
2749,30765890,112223787
2750,36609922,119996380
2751,35400456,119716701
2752,33817775,114062721
2753,37231190,113873507
2754,35595630,115623571
2755,33378180,116516545
2756,32328579,118684133
2757,30250598,113230249
2758,35065794,110951787
2759,33004989,114734860
2760,30022695,119022177
2761,35411135,118754993
2762,33402957,119178035
2763,38492463,117651950
2764,34409514,118612710
2765,31070553,116371832
2766,33605268,113091480
2767,31298634,111806494
2768,34520942,114098898
2769,39398324,114841103
2770,35722707,116395567
2771,37896631,119202152
2772,31730645,119440245
2773,30817308,115824268
2774,34679583,115944517
2775,32703371,111092755
2776,32818991,110026198
2777,31929213,116607443
2778,39656295,113067710
2779,32098817,118842159
2780,37344978,110251952
2781,31787478,116398333
2782,30751035,111224111
2783,38291439,112173850
2784,36163221,110598508
2785,33012656,112276971
2786,37781334,112127750
2787,30554756,119007695
2788,30808873,112103862
2789,32795934,115246895
2790,37475668,114121325
2791,38426223,112788811
2792,34175116,118708271
2793,37568475,110962102
2794,34292503,110016731
2795,39797905,111463789
2796,34520100,119023387
2797,39241221,112880766
2798,36710358,115297383
2799,38869066,118760046
2800,38942349,117803722
2801,35221139,117226473
2802,34061904,115859745
2803,34612990,119002102
2804,30818116,113405807
2805,35526512,115887249
2806,34042283,112013202
2807,35281399,118022004
2808,30937443,118222673
2809,32281686,110833695
2810,38408205,115985797
2811,31192420,111356345
2812,34688539,110759035
2813,37970273,118775202
2814,37026470,110672941
2815,39580634,112607000
2816,38706063,117019902
2817,36663230,113557220
2818,33297219,110022025
2819,38245171,117027555
2820,35487500,117662205
2821,32970887,110561937
2822,39460773,114233312
2823,36203515,112226037
2824,31263184,117692861
2825,38028000,116458900
2826,34988467,112038268
2827,31682836,111476579
2828,31273537,111027098
2829,31292961,110902910
2830,30252036,113782477
2831,35610323,119176236
2832,36375625,115939088
2833,32884450,117204504
2834,31962880,117017417
2835,37550411,118163771
2836,34182193,118794639
2837,34944464,116772315
2838,32671245,116656222
2839,38532717,110149109
2840,36250498,119122274
2841,39296167,118855664
2842,36577698,118853591
2843,35954939,116585181
2844,31224613,114299115
2845,32372062,114873848
2846,30468226,111489047
2847,37193593,112155762
2848,30691925,112115541
2849,30836939,111944617
2850,30710246,111963675
2851,34592115,118569633
2852,34630848,113272175
2853,30357386,114274533
2854,39825479,110279023
2855,34172823,119295853
2856,31713747,112758954
2857,38171516,117347560
2858,34105967,114923502
2859,35397527,113849328
2860,32728691,115963235
2861,38309946,115567407
2862,36228433,119773200
2863,38788886,118672083
2864,39563916,112744130
2865,37815193,118433346
2866,30476046,119542435
2867,35236269,112824496
2868,38163757,119125439
2869,37677194,112984177
2870,31135579,112404092
2871,37047567,115008493
2872,30760790,118527588
2873,36608028,111595676
2874,31083314,116079390
2875,33476577,113449168
2876,38996569,116240615
2877,31022034,115537477
2878,33585468,110003097
2879,31121488,118944174
2880,32387252,114226958
2881,30327670,111351450
2882,37726441,119455150
2883,37084494,119373424
2884,34096290,118590245
2885,39369568,114433149
2886,31255059,110663626
2887,33144368,115041116
2888,35040395,119525785
2889,36110809,118161508
2890,36770946,114271009
2891,33051614,115617428
2892,30993112,114007833
2893,39505203,112232921
2894,36605901,116184452
2895,38235235,115695605
2896,32589748,115665801
2897,30508854,112219357
2898,39378516,116961597
2899,31295005,114472104
2900,33457915,116790700
2901,34665160,115200167
2902,32941486,110783865
2903,38632780,118290880
2904,32143697,119299296
2905,38909028,114061864
2906,33998977,110134072
2907,32685983,114249490
2908,37560083,115210877
2909,34355825,113861098
2910,31298029,114115476
2911,33140469,111978746
2912,31027100,119695762
2913,37665223,114633340
2914,30954354,116392685
2915,33474477,110221631
2916,35368773,118470430
2917,34783811,117968288
2918,39034236,116600079
2919,37453801,116715597
2920,38069898,117195500
2921,37524834,119719205
2922,30748667,117188259
2923,31139088,117192478
2924,39919336,117229123
2925,34864829,113512330
2926,38339817,111209017
2927,39174439,116445934
2928,35795192,115521574
2929,36978999,117591982
2930,30185983,118877410
2931,38496838,114568444
2932,35070186,110557575
2933,33610324,119158056
2934,38948388,117244665
2935,30768117,114982176
2936,39450162,118111131
2937,33687511,116504787
2938,30631251,116079068
2939,31526503,118236110
2940,37195253,119934296
2941,30164646,116504506
2942,31101381,118963702
2943,38669172,114016148
2944,30342268,110788848
2945,33094185,113143698
2946,34299534,118665757
2947,39553330,114890232
2948,33096922,115731216
2949,31772017,112235313
2950,37795625,110242807
2951,30919800,114373938
2952,33365557,112885633
2953,33577311,110792212
2954,30655781,110163711
2955,36540247,117014472
2956,30540213,119835425
2957,30187303,113993092
2958,32968248,115419119
2959,34720657,110231814
2960,31387652,117541688
2961,37497895,112361221
2962,37088695,113585993
2963,31716364,119084189
2964,39198569,110058981
2965,30751232,116422871
2966,30204014,113840004
2967,37227482,111657007
2968,39238832,115735228
2969,31419448,114032148
2970,39379739,117466949
2971,39484881,112285651
2972,30194773,118190099
2973,39324002,119592513
2974,35227004,116454558
2975,37143646,111665219
2976,36542934,117645849
2977,35845469,112340227
2978,31219486,112517613
2979,38402341,113831460
2980,39365215,110010603
2981,33399772,114750760
2982,30738300,119199475
2983,36371618,119867120
2984,39844571,112893840
2985,38503698,116923026
2986,39040993,112953134
2987,31533945,118915951
2988,30168195,119954607
2989,35020022,116773495
2990,35135058,114695143
2991,34624848,114694026
2992,39178645,119124348
2993,32491562,117622988
2994,36099877,114248408
2995,32132900,112474404
2996,33155168,117716481
2997,38668833,113878394
2998,31132181,111503268
2999,36524956,119771200
3000,30591152,114104745
3001,30514622,113534884
3002,36356015,116973856
3003,35555650,115370318
3004,32148036,114249405
3005,39047769,111794771
3006,39056538,118255771
3007,33407523,115687590
3008,39105360,114355806
3009,37602446,117311752
3010,39603823,111101209
3011,38029123,110409915
3012,34535919,115391069
3013,38541595,113449420
3014,30341777,113712398
3015,37300178,117201019
3016,36580068,118424955
3017,35762593,113239602
3018,37521848,110827238
3019,30149334,113290667
3020,39465300,113823451
3021,31961673,113124726
3022,39864290,117160090
3023,32457503,119635000
3024,39346129,115490042
3025,38798883,118125673
3026,34537085,115234614
3027,39592300,115600691
3028,38400551,119444384
3029,38750187,110153107
3030,33050623,113273937
3031,35858912,115967056
3032,38624949,112031133
3033,32541653,115227105
3034,39747279,117314088
3035,34516875,113135930
3036,33205400,111835490
3037,33891579,110191761
3038,31864134,110932158
3039,33512115,113446219
3040,37572323,119840543
3041,38633864,110921264
3042,38360080,116716507
3043,37579150,113959970
3044,38028443,118551462
3045,37030356,116565051
3046,31460434,114466912
3047,30311650,118231353
3048,38811976,119529097
3049,32851319,111566894
3050,37955576,113472367
3051,34784445,117632050
3052,34614243,114711207
3053,30785223,110158797
3054,36451072,115883780
3055,36626578,117885801
3056,34000343,112065003
3057,34541919,116454593
3058,32422489,113794136
3059,39000206,115012246
3060,36784214,119537957
3061,32699716,116151170
3062,32340099,116047014
3063,35502823,116965592
3064,32868445,119199059
3065,36417725,113495538
3066,32928662,113801863
3067,39903862,116712961
3068,37202628,115248725
3069,38025530,112959961
3070,35831894,119961286
3071,34549601,111663601
3072,32784462,116481172
3073,39928337,116853931
3074,30480917,118566277
3075,33802935,112877880
3076,38454835,118265879
3077,36384419,110395238
3078,36382038,116998390
3079,32254833,111878089
3080,39689168,115734858
3081,31293134,114988760
3082,36657150,110571401
3083,35739032,110626700
3084,33132748,117080362
3085,35795205,111685540
3086,30354131,116571014
3087,30735913,119233842
3088,30716413,114110959
3089,31267045,119284801
3090,39079725,113590723
3091,34054804,118954395
3092,30190530,116616589
3093,32201127,115556302
3094,32287039,112032685
3095,39110866,119319480
3096,32660316,117400018
3097,36682388,119420552
3098,39208154,112668047
3099,34995114,112737977
3100,32594803,110567821
3101,35281600,116929000
3102,34601685,118663890
3103,34952487,115147012
3104,36568213,116383188
3105,36711081,115238656
3106,30963289,114557728
3107,33968041,114915148
3108,32683891,111047523
3109,37800001,118851386
3110,32597308,116568697
3111,35284314,116631040
3112,38971612,118620867
3113,33067858,113134658
3114,39656372,112019501
3115,38371237,111921056
3116,37393848,117003003
3117,34274912,112447876
3118,35149851,112623210
3119,31618296,116037839
3120,31639503,115581737
3121,31163681,116773482
3122,34367258,112642576
3123,36891275,115528669
3124,39193345,118259780
3125,32926046,113919199
3126,32110492,118549105
3127,39334493,115135920
3128,35768029,110296777
3129,38443198,116765687
3130,35957878,118083436
3131,36860898,118748230
3132,30595863,113862008
3133,33234911,113770096
3134,32521763,110651279
3135,37434047,113861593
3136,31251703,111360374
3137,31649826,110141292
3138,34459227,112550023
3139,30165691,114131356
3140,30794186,114603687
3141,37476769,110105082
3142,35268233,116001522
3143,31094231,111130991
3144,30040901,112553303
3145,36924879,119921865
3146,31610789,115468799
3147,31570926,115377853
3148,30980862,117610786
3149,35392656,119575645
3150,33104645,115235534
3151,32978296,114811008
3152,39781720,112395475
3153,31800640,117969069
3154,39721982,118448857
3155,36069163,114501806
3156,35732285,116132026
3157,30341535,112649425
3158,39782345,118833982
3159,35504482,114519104
3160,35315944,117903427
3161,38508392,112852834
3162,38283469,119310740
3163,37069099,112189913
3164,35656019,110538538
3165,38984422,119464168
3166,33990757,112681265
3167,30254782,117313364
3168,34844667,117771570
3169,38202958,116212237
3170,31384394,111732648
3171,34673109,116174933
3172,39387678,113666940
3173,37987642,111690198
3174,34050089,116269079
3175,38096508,114384968
3176,33038992,115087015
3177,32564981,118868013
3178,35304851,113610077
3179,39368355,115574729
3180,36713201,111978837
3181,33447470,118443980
3182,34789755,117803744
3183,36640184,119661557
3184,36773591,115033264
3185,38747576,115919327
3186,32562348,115199324
3187,30702325,114380177
3188,39729283,119988536
3189,35734073,114844568
3190,37363369,116942012
3191,37853896,110713872
3192,31845772,116809984
3193,35788772,110276380
3194,32037561,119716028
3195,36304086,119406308
3196,35383569,115808246
3197,37055688,118038032
3198,31119318,112853835
3199,32316788,118655891
3200,30801471,111446831
3201,34922372,118699660
3202,37744184,110918836
3203,33856018,111783074
3204,32292170,110440456
3205,38187684,119596506
3206,35616789,111734467
3207,34946947,112172706
3208,34493664,114096278
3209,37236165,115102305
3210,35262964,110396218
3211,30638721,119922335
3212,32878810,115232034
3213,30215700,112424380
3214,30601996,118238088
3215,31680712,116761227
3216,39931000,114003712
3217,39102675,113405768
3218,36889639,117335946
3219,30173220,116595814
3220,33935055,118817102
3221,31173542,113470385
3222,32730737,114029691
3223,36538628,119172934
3224,39575478,112689660
3225,33824764,111448636
3226,37122746,113622468
3227,30218075,114169766
3228,33573507,113091018
3229,36866908,111985165
3230,31543857,112006736
3231,32216399,113991169
3232,38012946,111034837
3233,34197720,115056887
3234,35640138,110000337
3235,35137491,112992797
3236,37257520,114928558
3237,33822663,113932252
3238,31949761,110858609
3239,33269136,115652412
3240,33204104,119582706
3241,30523927,112754095
3242,31719576,117751724
3243,37135080,119512098
3244,39970642,118078085
3245,37577703,116710383
3246,36989316,118363816
3247,39947222,110764379
3248,35330237,116746975
3249,33610655,117435217
3250,37063285,110175056
3251,38496871,118025595
3252,35062841,116248967
3253,33226873,118808392
3254,35156917,111543725
3255,38424817,118405861
3256,35101660,114000861
3257,32677152,110137838
3258,32398699,116185706
3259,34732390,118241082
3260,34651369,114698715
3261,30247409,113571307
3262,38407490,116249942
3263,30918634,112783178
3264,30545883,111411661
3265,38126172,118413610
3266,30135659,114093299
3267,36743716,119928556
3268,30120604,110783733
3269,39264166,114388411
3270,32980229,112018150
3271,30509342,113561553
3272,33933154,117957453
3273,30891854,110376106
3274,30987752,113289005
3275,32551406,118495121
3276,36002829,111952477
3277,34331774,116173648
3278,31539190,113844936
3279,39750676,113893758
3280,34822569,114352379
3281,30947396,119051374
3282,39870541,117642565
3283,39111770,118120995
3284,38915709,116298994
3285,35499066,110121664
3286,39203000,115178360
3287,38603871,115853976
3288,30787426,110103181
3289,31357406,116467378
3290,37946439,112651014
3291,38442808,118216994
3292,35184467,111418844
3293,33571057,113047755
3294,31619805,119440754
3295,35218209,118697509
3296,37535718,115484685
3297,32069759,116150143
3298,33357808,111039563
3299,38757676,114956271
3300,34581884,110968689
3301,36190469,117652586
3302,34570055,116477428
3303,32400603,118239109
3304,30874420,110623370
3305,37094954,116679365
3306,31351233,112202408
3307,39023734,112672372
3308,36056721,119089810
3309,30421602,113759771
3310,39463826,114899654
3311,39426137,115118893
3312,30024809,113203110
3313,39000057,116842131
3314,39398087,119801373
3315,32931209,117205913
3316,30388240,111169871
3317,33953996,118943128
3318,32177601,111330956
3319,36159154,111397185
3320,36539570,113722337
3321,35486134,113832768
3322,36372829,115971773
3323,35410689,116250245
3324,35099944,110127588
3325,31339105,119641461
3326,30574094,113089171
3327,35609390,116030694
3328,39986219,113833111
3329,31641862,119111174
3330,36586244,115121795
3331,37856820,118119501
3332,34570922,112782130
3333,37993682,113816671
3334,31474489,112473540
3335,34051885,111010257
3336,30185359,119918715
3337,32855727,112509423
3338,37140173,119760215
3339,39646006,111689638
3340,31315370,111899966
3341,36765450,110996488
3342,31088074,111339360
3343,30713343,115021407
3344,35359472,117520826
3345,31869026,117387257
3346,36309633,112997597
3347,36705142,119888699
3348,34507386,116006167
3349,37695396,113067943
3350,30475977,116616151
3351,31971298,113608547
3352,33563866,119741769
3353,38002735,117061416
3354,33173953,119581148
3355,30675882,112581434
3356,34070312,118798525
3357,37938134,119832133
3358,35940403,116816188
3359,38338348,113871128
3360,38423875,114383148
3361,33856905,111132516
3362,31038252,113706274
3363,37371261,118029941
3364,34800608,119533689
3365,37345981,118629692
3366,34657742,115251185
3367,38841996,111520937
3368,31243062,112943584
3369,38963791,111568869
3370,36787573,119730769
3371,31969250,115601228
3372,37166695,117392523
3373,34332622,116419373
3374,36852507,116345963
3375,38814623,112921262
3376,36033548,117246999
3377,32534636,118028049
3378,32936153,111823118
3379,39023485,110677397
3380,39054010,116881720
3381,37567470,119322401
3382,31881970,110804998
3383,35319181,119292628
3384,30690259,116052119
3385,36686000,116275083
3386,35817545,117476399
3387,35218392,118689383
3388,33720836,118155088
3389,35995485,115288779
3390,33631533,119409913
3391,30045836,119409447
3392,39902938,110663790
3393,30630497,110414113
3394,34877518,112097878
3395,30773016,113760472
3396,33825805,117766641
3397,32275926,110231895
3398,36925213,119260109
3399,38723492,118943920
3400,30472518,119986704
3401,33167282,116997676
3402,36928455,118318957
3403,34433647,117994986
3404,36517382,117136566
3405,38602441,113949902
3406,34233236,113350650
3407,31283250,110107802
3408,39197571,117430477
3409,38924910,117672134
3410,31762707,111823538
3411,32807106,113798770
3412,38966243,116121924
3413,33195524,110025914
3414,31941849,111982300
3415,35561115,119230950
3416,39602803,119382625
3417,32640739,111764959
3418,33127417,119996887
3419,31881131,112651811
3420,31649590,110149363
3421,38262633,116223323
3422,36932165,118401041
3423,39437982,114760539
3424,33312779,118658839
3425,35796188,110691145
3426,35488237,110871825
3427,32876679,113270035
3428,34369540,118699948
3429,30384039,112970274
3430,34424471,118379827
3431,31989447,115545196
3432,39896464,117104277
3433,34588083,113215310
3434,31535417,114621101
3435,37799671,116803989
3436,39764006,113752453
3437,35219374,112270517
3438,35237264,117693687
3439,38292432,114411131
3440,30087031,116893121
3441,36731335,115511940
3442,30046440,110115180
3443,34980421,117040450
3444,38322765,112363372
3445,34689827,111989278
3446,36590968,112802805
3447,30849410,118017373
3448,32189519,119888544
3449,33161873,110893331
3450,32509545,115131169
3451,35413574,117317080
3452,30687596,118580356
3453,32565296,111378382
3454,31427011,111105777
3455,38871111,118042025
3456,38786539,115610302
3457,38751038,114817819
3458,30600683,115996620
3459,39958118,117485770
3460,37049145,116659615
3461,34454021,118734164
3462,33989244,115705384
3463,36323032,110948541
3464,30318431,115556974
3465,33921398,117481574
3466,38924619,114737623
3467,36068790,114263395
3468,34543395,116079421
3469,35372675,117849199
3470,34875804,116964742
3471,35215150,113122502
3472,38981781,114259753
3473,32620237,117892106
3474,30613322,110366373
3475,30125866,119143858
3476,39076369,113199052
3477,33914943,112125992
3478,30280675,118709266
3479,30303447,118341968
3480,39502781,117208415
3481,30423163,113940933
3482,33641321,115070636
3483,36982267,119003734
3484,35039126,110876580
3485,38601887,114193844
3486,36259860,115757043
3487,39597099,113533314
3488,39344464,113055945
3489,35027771,117802623
3490,30554730,116177014
3491,39198355,111625671
3492,32971484,119133376
3493,31442191,112965179
3494,37758172,118263431
3495,30142416,115466629
3496,36675162,116592911
3497,36409847,116875027
3498,31213055,112731873
3499,33141150,111445092
3500,36684815,115228601
3501,39747865,110922252
3502,31193322,115147407
3503,38297193,113172657
3504,39288611,111297850
3505,35057662,119552112
3506,30022571,115329060
3507,35200147,114081964
3508,36714032,116950208
3509,35822273,116718837
3510,35664273,112701011
3511,32573704,113404465
3512,31698718,118585970
3513,33170989,112401668
3514,35122572,118315345
3515,35691426,112141354
3516,32957653,118396692
3517,36399668,116728953
3518,33118082,116670064
3519,32509272,119647287
3520,38334159,111481262
3521,38771718,113302270
3522,32700168,113913900
3523,36692680,112779420
3524,38430697,113101380
3525,35623678,118124921
3526,30311902,118979078
3527,37271154,119156364
3528,34340021,117831040
3529,36449262,112871203
3530,31440869,115172353
3531,36240773,116151173
3532,36858732,113315837
3533,32647799,117659766
3534,35604706,118178756
3535,36639328,117577499
3536,30914708,114900313
3537,34379236,111839106
3538,31671725,110313095
3539,39418219,111499481
3540,39738689,118245512
3541,31390930,113279711
3542,30158786,111911270
3543,31429508,113949891
3544,35446563,117365850
3545,32599843,110137176
3546,33026636,112027921
3547,35981387,112940863
3548,36926790,111255479
3549,36759444,118041112
3550,30086228,116183213
3551,34939249,118366961
3552,31628364,112635999
3553,33978866,118988766
3554,38823414,113571161
3555,34034421,116867311
3556,38943401,115189781
3557,32519609,110350815
3558,36655682,119331160
3559,34215488,115107713
3560,38730627,117981242
3561,32493957,115428234
3562,34431910,119116367
3563,33410164,113827178
3564,38276507,113685326
3565,30389822,115562053
3566,38160953,116632806
3567,36673733,114426761
3568,31757233,115046041
3569,35052608,110095066
3570,39313564,115792671
3571,32576539,115650968
3572,36285607,110411777
3573,32310963,111536017
3574,37816689,113266046
3575,35890792,111512664
3576,33539189,116198996
3577,36023977,111521539
3578,31287390,110286623
3579,30916827,117318348
3580,38835432,110436093
3581,37437789,117608120
3582,39020715,119719679
3583,39059357,110007026
3584,30662308,111397935
3585,32369922,112201961
3586,38686950,113465828
3587,31162063,114697100
3588,39558336,112209016
3589,35999571,119000612
3590,31628217,116007891
3591,32300860,112223563
3592,32475898,111896629
3593,39304282,116456057
3594,36013064,112113309
3595,35724227,113846218
3596,38874620,117776096
3597,30559761,119367229
3598,37082065,111746086
3599,30459194,114063709
3600,35448423,118410164
3601,33487308,115176231
3602,37322957,119924745
3603,37446994,118609178
3604,36125179,119128766
3605,35041761,112397215
3606,36861760,111442429
3607,31474284,112394691
3608,35101349,115739945
3609,39501667,111184711
3610,30910928,112233628
3611,38844330,112531115
3612,31618247,113532095
3613,36939545,118228652
3614,31364404,112684876
3615,39074107,112147014
3616,38516581,116572523
3617,39101870,119420057
3618,32012816,112076045
3619,38047227,117616909
3620,36029133,114154116
3621,31511506,114900000
3622,39944757,115599317
3623,38758672,114683974
3624,39664268,112766313
3625,38766324,119102127
3626,31025280,116683759
3627,37996147,111923194
3628,37374967,117266709
3629,36973114,115196475
3630,36033667,119129724
3631,38628414,110540157
3632,32668561,119248057
3633,30507247,117963300
3634,34755144,111226947
3635,38745470,115201576
3636,38489046,115396091
3637,32570516,116829387
3638,31700792,110932021
3639,38215691,115569719
3640,35800016,111430011
3641,34480361,110605540
3642,30735029,112582249
3643,30781404,115096800
3644,37426831,119081632
3645,38195672,112392772
3646,37337426,115253931
3647,30714434,119511877
3648,33507458,119386223
3649,35821277,117726106
3650,35911966,110371225
3651,32906750,117082393
3652,38372831,110901869
3653,34739509,111200513
3654,39279205,117328556
3655,35481032,115938444
3656,37072260,113035962
3657,32052789,119014299
3658,33586765,114129035
3659,38337491,112205005
3660,33750229,119223755
3661,39873662,111763428
3662,32143988,112986596
3663,37361424,112005178
3664,34504583,114268912
3665,35475582,113692432
3666,36316450,115597688
3667,35813784,115549721
3668,36899826,118540630
3669,34004970,115683582
3670,30761848,116012759
3671,35516411,113209757
3672,37329266,115128216
3673,33316664,111550851
3674,31867364,112313986
3675,38447982,118296454
3676,37205721,116294436
3677,32899578,111855409
3678,38236093,115927774
3679,30899528,118402473
3680,35722474,115009887
3681,30023957,115737417
3682,38047411,113935733
3683,34904363,119649627
3684,36172021,116225996
3685,34767317,111462068
3686,32698499,112326263
3687,30239418,113925770
3688,37584028,115645590
3689,34817562,113327123
3690,30478624,111340829
3691,39540799,117265719
3692,34820967,118272409
3693,38212624,115993244
3694,35042545,110581035
3695,39901661,114167879
3696,39910559,110504140
3697,32096120,119318616
3698,36414707,116477102
3699,32293466,114322961
3700,35163038,115145223
3701,38277240,118849364
3702,35656938,114429063
3703,38003523,114248838
3704,34887313,119656910
3705,30719868,112214727
3706,36665927,117381341
3707,35379440,112100136
3708,31035131,111772715
3709,38821042,118448869
3710,37436694,117148017
3711,35082288,112436112
3712,33038824,115266403
3713,36684136,111935294
3714,31171554,115358979
3715,38084099,115365051
3716,38420560,112557230
3717,31671644,114035691
3718,38614726,119111424
3719,33294342,118317790
3720,31376574,118792984
3721,35850126,112010616
3722,34089111,113357390
3723,32825701,111450046
3724,34735823,113505103
3725,35543151,113391030
3726,32802228,114977937
3727,38371873,118678786
3728,33475114,113437102
3729,37581839,119086477
3730,32161501,119128373
3731,35656101,119798595
3732,31995302,111977938
3733,38471210,115688936
3734,38467817,114100791
3735,33012878,115209012
3736,36277747,119534126
3737,38273520,114925066
3738,35913932,117279409
3739,38809550,116326218
3740,31885160,119785525
3741,32073264,119732906
3742,31440668,115815855
3743,36522226,113157699
3744,32133454,110539209
3745,35192303,112388985
3746,39589714,114103676
3747,34033544,115334435
3748,31106718,110889455
3749,35173414,111563075
3750,30134955,118694428
3751,34423529,117806323
3752,36569544,114286569
3753,39250889,114420766
3754,37105251,113177790
3755,33437320,113393504
3756,34171973,118135583
3757,33560728,113314333
3758,39383245,113406148
3759,35181617,119789249
3760,33134800,114249845
3761,30329400,118537325
3762,33311667,117579521
3763,32291762,116102995
3764,33494373,114629453
3765,31109198,111043431
3766,33893704,117074999
3767,35025874,116511550
3768,38113341,113078357
3769,37578122,119109175
3770,31702818,112712651
3771,31711460,110141326
3772,32419579,111951188
3773,36919033,119987062
3774,35489390,110612922
3775,38881733,117197623
3776,36311362,114373339
3777,34475366,114587599
3778,35526649,111971357
3779,36669955,115285048
3780,36672775,111591442
3781,30457275,111658713
3782,37016663,114748913
3783,39206957,114723000
3784,35950825,115608985
3785,33074958,110203624
3786,30004731,112347739
3787,37683990,115708488
3788,38627720,112966355
3789,36101131,116632743
3790,30371939,111785107
3791,34815372,119592476
3792,30170393,114270553
3793,30315870,116227051
3794,31491851,118630260
3795,36677363,119435385
3796,34662754,114167220
3797,31791526,114362650
3798,36411501,118251205
3799,38137095,115972618
3800,30372015,115535078
3801,35470335,116909512
3802,32014206,118910954
3803,32891397,119525442
3804,38692087,110172697
3805,31046160,118072813
3806,36002292,119521351
3807,39366690,118240456
3808,31853206,112065413
3809,30355572,117734287
3810,33147292,112210406
3811,39083473,114450587
3812,33272211,114055320
3813,32926235,110505156
3814,38648251,113248796
3815,34242856,114300678
3816,35406941,110736826
3817,35630153,113296503
3818,38068213,114122348
3819,30395020,117795659
3820,32225018,110403069
3821,34596943,117538723
3822,38611180,114184806
3823,32703581,119385381
3824,35121516,119163893
3825,30977005,119903227
3826,31580041,118437127
3827,30975061,118490941
3828,35859293,117127005
3829,31200743,111746727
3830,33147893,110334244
3831,37873462,116391341
3832,34114617,115300154
3833,35131796,113596741
3834,33382309,113449327
3835,35118262,111758246
3836,35175286,118093170
3837,33927221,119026582
3838,35659514,118847126
3839,35443271,119270810
3840,39307358,113362966
3841,38482059,113519441
3842,36787552,114069079
3843,32393670,110084132
3844,39490556,110764476
3845,31097656,114634000
3846,30476590,111523749
3847,38072145,111675671
3848,33283675,111824198
3849,31205304,119422969
3850,32674345,117437717
3851,33533741,118652857
3852,31487066,113062217
3853,36778279,119609330
3854,33729776,116272860
3855,30004547,113116208
3856,36660825,110378262
3857,31575339,117584207
3858,36045486,110628070
3859,34009404,110956244
3860,30378447,119612362
3861,30991012,119667735
3862,38006454,111319268
3863,34632694,115825218
3864,35142390,117549089
3865,38086704,117150994
3866,36788669,118227596
3867,31148103,119919206
3868,30265804,114131934
3869,33696837,110614964
3870,35059337,112251741
3871,35375196,115359043
3872,31996969,118035078
3873,39175462,115455102
3874,34316915,115029982
3875,30960636,114145639
3876,38909122,112781931
3877,36398765,113737458
3878,39307926,119018906
3879,36393165,111226631
3880,34228099,114233825
3881,39637423,110688913
3882,39127953,110071286
3883,36799537,112723920
3884,35834037,113508224
3885,32181135,114873026
3886,30926236,111360188
3887,32345119,111101893
3888,33115212,116995488
3889,32077539,114875646
3890,33106008,117241658
3891,37641250,116993373
3892,37936354,114353620
3893,38984498,117363131
3894,31740424,119959217
3895,39148824,118790478
3896,39081399,110762858
3897,35641943,113717169
3898,32667724,114876534
3899,39314408,113513743
3900,38999569,115425969
3901,35747295,112284804
3902,34385526,112938511
3903,34660566,111948739
3904,39827034,116206338
3905,34141067,117698259
3906,38593804,116711804
3907,38201642,116746568
3908,31243748,113135015
3909,31609084,115510725
3910,38566960,113805148
3911,34906465,111415804
3912,34090065,112828449
3913,39072859,110101001
3914,31913625,118215462
3915,34015903,118938182
3916,35574485,111525729
3917,30600353,110615921
3918,32697353,116542645
3919,30981152,119690973
3920,38143366,118652265
3921,39603381,115215117
3922,39464117,112088452
3923,32007419,117550609
3924,30015856,114808671
3925,31408928,118338682
3926,38718522,111661077
3927,35690632,117687032
3928,36881330,115882223
3929,35571782,116025750
3930,32360948,119403178
3931,36876574,114983621
3932,35301980,110723733
3933,38047520,110896191
3934,31067482,114257000
3935,32406494,115314253
3936,31055283,117866754
3937,37235185,119565208
3938,34404584,110480934
3939,31543412,110837774
3940,37169396,118324619
3941,37031251,117707462
3942,32209411,118626859
3943,35006622,115112200
3944,36150159,116036391
3945,37413944,118137194
3946,35059062,110843117
3947,38063011,116112293
3948,33330636,112604912
3949,38800268,119015740
3950,36069261,113831495
3951,36066914,113865638
3952,31624628,116425394
3953,34908572,113290846
3954,34701461,111978964
3955,36172237,110959589
3956,34101441,112553802
3957,36245048,115881297
3958,34142051,114148621
3959,31723365,117119197
3960,36103593,112762322
3961,33032313,114242961
3962,31976328,110601059
3963,39655502,118815694
3964,38317945,113644428
3965,32158698,116658966
3966,37875938,112105436
3967,33095218,118675648
3968,36659418,115571414
3969,37184781,116955854
3970,30262750,112286694
3971,39331295,112246151
3972,34442424,114573353
3973,37859631,115742971
3974,33971879,117152853
3975,37484434,119358776
3976,36092340,117457608
3977,39079988,111980156
3978,31692370,116366769
3979,30521878,118463763
3980,33784394,114177354
3981,39888460,117782004
3982,34263262,116284275
3983,34758549,112265663
3984,32846053,119771087
3985,35800360,115001616
3986,36240728,115014888
3987,32710152,118611239
3988,32602552,112343164
3989,31057172,114497541
3990,31836393,116114365
3991,37993683,113500399
3992,36283653,115905101
3993,38095791,119558824
3994,30255830,113648871
3995,31643573,119851481
3996,38213254,118021844
3997,31019152,115495270
3998,36855238,117895388
3999,32236446,112799640
4000,36116950,113053461
4001,30090280,114680380
4002,36176815,118126574
4003,36142530,116847791
4004,31260786,113808273
4005,32773393,117128592
4006,35588558,114208749
4007,31758601,118927156
4008,39955746,116096221
4009,31045020,119200473
4010,32159214,118379539
4011,30391783,112905683
4012,31245651,116472850
4013,34554135,119513056
4014,33962030,119640226
4015,38039987,118630708
4016,31386461,118203490
4017,31589413,118117816
4018,39044976,111731874
4019,38016544,119250572
4020,32530427,119370737
4021,39465792,118442096
4022,35711276,113617024
4023,35648430,119471415
4024,37234557,117653407
4025,36001238,118794407
4026,30195394,110580718
4027,38812441,113757880
4028,30058051,118133830
4029,34928445,110869643
4030,39662818,110615115
4031,32179783,117804050
4032,36691543,118926240
4033,34478950,119995874
4034,32102795,112130304
4035,36422172,117487063
4036,35894834,116395315
4037,34363880,111723773
4038,39760203,115474707
4039,39989276,119645678
4040,31400152,113769164
4041,34920267,112901815
4042,33881338,117117417
4043,33376545,110364903
4044,34364433,110091398
4045,35630942,113551753
4046,31881188,113951534
4047,39194181,119853629
4048,32587433,113159271
4049,36339935,113646553
4050,33723188,116375075
4051,37216141,112172656
4052,37896383,110876088
4053,31702059,111515272
4054,31811238,116040961
4055,31171646,113797377
4056,32132337,119855741
4057,39381934,111556408
4058,35687509,112651929
4059,38256571,115854540
4060,39024114,112491537
4061,38631865,119977248
4062,36043145,113522761
4063,34346685,115027793
4064,39470980,111522477
4065,32275559,115579357
4066,35296901,115961045
4067,36318672,117938897
4068,30796867,118050509
4069,31684621,115374368
4070,31448836,112629897
4071,38081061,111512584
4072,34359792,112832487
4073,33959001,115984888
4074,39737157,111157214
4075,35692481,113164323
4076,39852046,118981040
4077,37172334,111369880
4078,37639589,113655427
4079,35493082,117354904
4080,39576297,113924210
4081,37074962,113477341
4082,31027874,118277215
4083,35826988,110957274
4084,37740931,115727803
4085,36239559,110442961
4086,30080943,118707526
4087,38526377,113958903
4088,35761155,114159557
4089,36419970,116974725
4090,33199350,115488746
4091,37229301,113838395
4092,39175444,116964917
4093,30304772,110984960
4094,31323808,116414742
4095,36714109,114049820
4096,37590398,116579317
4097,30370385,111939016
4098,39159457,111129407
4099,36124534,118443141
4100,30652710,117581998
4101,37344567,114415482
4102,38165311,119986221
4103,37142492,115772497
4104,34290384,114830313
4105,33010232,114579327
4106,30312633,118102578
4107,39052823,113836896
4108,33108126,115854936
4109,31201759,118130050
4110,34889754,113183073
4111,31052004,112889139
4112,35972366,111157789
4113,38088503,119617898
4114,37216639,110463921
4115,32452584,117193564
4116,39032090,114760955
4117,33444720,115000975
4118,36731981,115074862
4119,35658499,110848841
4120,33823302,119125776
4121,36326951,114380791
4122,35250622,118952292
4123,34863666,114866181
4124,31465780,117364997
4125,31177084,114047492
4126,34008785,112107546
4127,34094443,110474125
4128,37820749,112864134
4129,30542062,118094002
4130,36785427,112199822
4131,34594810,111640954
4132,32758920,112179068
4133,30193625,117763896
4134,31690433,115187965
4135,35366249,111059692
4136,35498576,116314898
4137,35433715,117559006
4138,31794558,115488647
4139,32361884,116911090
4140,34199288,116333088
4141,33355510,110712541
4142,36952938,116972319
4143,35542205,113889550
4144,38193544,119116241
4145,30108757,116587649
4146,39332395,110619711
4147,35360815,110671573
4148,37271651,115203850
4149,36994452,111198284
4150,33535211,113182519
4151,30758547,110346007
4152,31627470,114643327
4153,39059936,114642973
4154,39746543,112763210
4155,39007112,110327471
4156,34528992,110637402
4157,35383554,111986479
4158,36824794,111925059
4159,36453572,118723285
4160,34483598,112556057
4161,33812052,118252829
4162,34315938,118627085
4163,39697614,111355043
4164,33153862,111584322
4165,37589594,116429058
4166,36896809,116786693
4167,32454209,115426118
4168,39599986,114200225
4169,39020263,116435284
4170,35095299,118334637
4171,34524759,116433748
4172,38371814,112810379
4173,39867068,115552085
4174,32669834,119225352
4175,37771983,114396857
4176,32221753,111138078
4177,36623930,111389051
4178,35724045,115025355
4179,38597599,110708000
4180,33975877,116056693
4181,33586992,115944794
4182,31042131,113505458
4183,36049227,113265057
4184,31961665,116082961
4185,31024433,111581965
4186,35967858,119768766
4187,38244824,111296120
4188,36163382,111531181
4189,34003743,119508041
4190,39683737,112794798
4191,38471118,116098640
4192,37714328,112703302
4193,38681620,115169831
4194,30449974,111907969
4195,33365588,112154977
4196,39470579,116734980
4197,37067271,114652346
4198,36567652,113246947
4199,38492619,117943442
4200,33973608,115709422
4201,36773429,113235226
4202,39462963,117094637
4203,36982541,118578613
4204,30661557,114803978
4205,30027571,112332300
4206,34453517,111179497
4207,38228005,115723024
4208,33210894,113361190
4209,33971495,118739791
4210,31533719,116055917
4211,35423817,115385479
4212,31485887,114284893
4213,30271383,119625473
4214,35350135,110564943
4215,32132217,114057809
4216,33522670,110426413
4217,33692383,118816023
4218,39100480,115234471
4219,39789337,110506485
4220,31507083,115371218
4221,31525761,116261001
4222,30492405,119179053
4223,39350871,117858623
4224,33506736,116555583
4225,35248326,111360663
4226,37258133,111409526
4227,31651244,114151868
4228,39674757,118352042
4229,39573646,117956799
4230,39116493,112880412
4231,36738037,110674636
4232,37973312,115531848
4233,38457142,112265279
4234,30415732,112669002
4235,37850514,118466785
4236,39447481,113843207
4237,37265502,116065711
4238,39212505,110279139
4239,31222370,117476176
4240,35178096,118815780
4241,37282822,118748026
4242,31745289,118035428
4243,31481021,110322990
4244,30421639,117676193
4245,33360360,118727970
4246,30594501,110828071
4247,31810210,119565983
4248,33407442,117083387
4249,33031664,110628794
4250,34160100,114852393
4251,31985716,118219010
4252,30790117,117690866
4253,37971599,111284166
4254,34611266,117607335
4255,30649563,117251377
4256,33528749,116937628
4257,32521035,112674059
4258,36112132,119512852
4259,37284342,118378714
4260,30189494,114943454
4261,37434206,112135010
4262,37473193,113909949
4263,39862113,110060634
4264,38749746,116851532
4265,31661013,118415063
4266,30777948,118981921
4267,39377241,114422679
4268,35698680,112651693
4269,37449996,111180867
4270,34824153,118550657
4271,38803383,119855471
4272,37870989,113812566
4273,38432645,113479854
4274,39204831,112421387
4275,36481525,118530414
4276,38894063,116364318
4277,31482029,116781150
4278,34839440,115190063
4279,37953901,111026330
4280,39485495,117143615
4281,38022868,117736144
4282,39974043,115913443
4283,30540631,112678775
4284,37722448,118984551
4285,37830088,116007814
4286,34538868,119802303
4287,33060527,110119006
4288,38224722,113891347
4289,35295540,112867011
4290,34587821,116110636
4291,34227081,110857423
4292,35695615,116955613
4293,35058113,116665917
4294,36794854,112356318
4295,36011938,110116514
4296,39268371,112752755
4297,39075783,111299292
4298,31597907,118097793
4299,33982061,113766919
4300,32399027,115918811
4301,31944574,119832463
4302,37614254,118137353
4303,37869612,114655449
4304,37679036,111367048
4305,31525234,116461895
4306,36630698,119852352
4307,31857025,115477337
4308,36533193,119614710
4309,36472891,116942550
4310,36431129,115954301
4311,33447049,115728030
4312,31547015,111578929
4313,38687930,115763240
4314,37065270,112451091
4315,35840251,111474232
4316,39895216,116860384
4317,30586911,112606484
4318,34631213,113132955
4319,34452737,113001014
4320,35004378,119960511
4321,35432213,117708533
4322,32732030,115900685
4323,33454656,113004221
4324,34437359,114428134
4325,31196241,111191797
4326,35137650,112392912
4327,36614146,114654428
4328,37544711,117478825
4329,31877504,110831918
4330,39455915,118579752
4331,38100227,118348651
4332,36046995,119044757
4333,35006512,117943577
4334,35015857,110050265
4335,34084412,114856109
4336,30585510,116068006
4337,38344036,119521200
4338,32595863,114178977
4339,34674601,112332895
4340,39076088,112228543
4341,31768734,113430797
4342,32315323,118498720
4343,39022803,112324673
4344,30215876,115259058
4345,36536698,118147184
4346,39202310,112744069
4347,35717922,117961971
4348,39295432,115953696
4349,38694885,112832196
4350,32444067,116217192
4351,37034578,111131005
4352,34101401,112459849
4353,38688453,112744678
4354,33340831,112119509
4355,39952106,115035126
4356,30780162,112955783
4357,37845474,116256513
4358,31563762,114199983
4359,33387107,117830490
4360,35416905,110527299
4361,35398422,116864043
4362,34053348,118811665
4363,33383590,117430825
4364,34646646,112939569
4365,37437946,116764634
4366,35317196,111360434
4367,34763403,114363957
4368,34414022,113647392
4369,30814109,115692106
4370,32683062,119644490
4371,32539129,110457228
4372,31917250,119891905
4373,33740125,112050411
4374,37820351,117844849
4375,30877012,116892931
4376,35918955,117098417
4377,37814175,119967392
4378,37845319,112428439
4379,32441754,119247972
4380,30458129,110962939
4381,37775879,113957026
4382,39400529,114199111
4383,39190297,114583226
4384,34676343,111594860
4385,32448736,114671141
4386,31041318,112141953
4387,35421374,117558789
4388,32164113,116728450
4389,39459307,117883939
4390,31522925,119483232
4391,32363909,110763171
4392,39799207,113627587
4393,30124430,115752075
4394,36390635,113783916
4395,33404680,113718237
4396,36781464,113566325
4397,39826126,115506317
4398,37838426,110220382
4399,39818741,114427077
4400,34500780,112487308
4401,38872303,118070989
4402,35560828,118484145
4403,35143300,119670226
4404,30081968,114809560
4405,35517843,112045096
4406,31497986,113409227
4407,32847856,119405058
4408,39858185,115697874
4409,36598253,116174956
4410,35561174,118630408
4411,38954843,113045323
4412,36504989,113322431
4413,31709140,112925956
4414,36440669,111159673
4415,31590730,119669235
4416,31679759,119219522
4417,35795342,110663803
4418,39587103,110258485
4419,38158819,116197100
4420,31975241,118492767
4421,34034253,115901525
4422,34308026,113775199
4423,39686146,116385411
4424,30306505,115275661
4425,36893671,117878574
4426,35149730,112952566
4427,39172797,118679775
4428,38640184,110333592
4429,30254599,114088934
4430,33099364,110478636
4431,39128530,117114493
4432,37735458,113040905
4433,32477518,116995706
4434,34610800,111992107
4435,36300944,110770580
4436,32122133,113583655
4437,33341963,114535584
4438,30955746,118397700
4439,34842837,110687196
4440,39149349,118007925
4441,33904055,111631711
4442,36922912,116623221
4443,31642994,113288465
4444,33139597,115715762
4445,38645922,111481593
4446,36208887,113003882
4447,32715700,115445514
4448,30212948,115744032
4449,37013186,111957062
4450,36737470,114797663
4451,35554446,115272097
4452,35889570,119008162
4453,35740308,116520082
4454,33835995,116882479
4455,39707779,111177012
4456,34612638,113808371
4457,36580031,118234388
4458,31804700,116946299
4459,31434441,114699555
4460,36792166,115985288
4461,37083617,110980236
4462,33296921,112134798
4463,31681069,117618177
4464,37251952,112021818
4465,35722886,113117208
4466,38291665,115407011
4467,38773542,110263352
4468,34982474,112551483
4469,31745351,114711391
4470,35038234,114820487
4471,34250366,115998223
4472,39574821,118349578
4473,39177963,112861727
4474,30956833,118783675
4475,31256434,114701355
4476,37747665,117303302
4477,33356107,117646546
4478,31800573,113915712
4479,36040717,118936939
4480,31592312,112949747
4481,31220320,115871818
4482,35662160,119651961
4483,33930956,112546912
4484,38527557,119709580
4485,33306019,117894298
4486,37760254,115476808
4487,32128259,115274457
4488,37373895,118666166
4489,33994540,110088887
4490,31513116,113247032
4491,36014173,118717608
4492,32364032,113808676
4493,35864518,113234165
4494,39437374,110321701
4495,32417336,119541226
4496,38128107,110554956
4497,32346280,113261939
4498,32468809,117479900
4499,34644464,110327203
4500,39140617,117900481
4501,36253771,111190384
4502,36718089,110107572
4503,30457146,114265417
4504,38022766,118501223
4505,38646219,112656518
4506,31529443,111159199
4507,32387788,113218736
4508,33423584,117896432
4509,37620008,113676378
4510,37431103,115101934
4511,34126690,117420566
4512,39109247,114210174
4513,30526814,113200631
4514,30700040,118041655
4515,33430430,111762295
4516,34732539,118215250
4517,31864268,118673782
4518,30465972,110614832
4519,39742214,113557914
4520,36017870,110503966
4521,34397521,116042564
4522,36230523,111684180
4523,39314238,112247215
4524,35339385,119634316
4525,34661479,119045476
4526,35891728,119831000
4527,33978310,114837970
4528,37830795,113807509
4529,33991289,119123481
4530,38097745,115787003
4531,32988358,113998725
4532,34528181,112625858
4533,37540107,110635951
4534,39042656,114397901
4535,37406518,114129158
4536,36656567,119357187
4537,38729506,119948392
4538,33057131,114743553
4539,32896256,110229234
4540,32800930,118892584
4541,32786736,112065475
4542,37269119,115231214
4543,34577991,118193522
4544,38540828,118502922
4545,32932007,114905376
4546,38982308,115073321
4547,30046273,116555896
4548,31350584,117979411
4549,34044985,118932839
4550,32214013,110265117
4551,34195549,110073145
4552,35366698,111938660
4553,37138881,113001758
4554,31478537,116764458
4555,35328269,115880160
4556,31226107,116805214
4557,39389380,118908393
4558,33356312,113804670
4559,31477459,111017787
4560,31785650,112158761
4561,32988134,113666526
4562,33881917,117425544
4563,37918414,117468792
4564,38093049,112328168
4565,35380175,115964460
4566,36080822,113078634
4567,37570506,115338971
4568,36921269,114324618
4569,37275157,110796909
4570,30013860,110290203
4571,37421969,117041582
4572,31129184,110032887
4573,37673560,115029794
4574,34336337,117035471
4575,36755798,119387273
4576,32605512,118410662
4577,35092449,114082047
4578,32639955,110059095
4579,30259551,119896209
4580,39895957,114560730
4581,34555363,111510180
4582,35767868,113212213
4583,30501159,110936218
4584,32186288,116077688
4585,37933068,111791827
4586,30712571,113945889
4587,38689108,113033109
4588,33495242,114982770
4589,38114096,111873514
4590,31431264,110822798
4591,31419280,116142389
4592,38137357,112144815
4593,37272016,112769212
4594,35713154,113737909
4595,33274964,119976803
4596,31958221,110747319
4597,30165657,115833507
4598,34815298,116484335
4599,39103836,117045283
4600,32225607,110994282
4601,36535602,116990707
4602,34809809,117982769
4603,32943509,119996917
4604,34951522,119309170
4605,39649674,118036092
4606,34315906,111341287
4607,30919827,116747331
4608,33249242,119789189
4609,38530272,110772723
4610,35082868,113228434
4611,31583686,115992715
4612,39142266,116234801
4613,36108404,118407183
4614,30001119,118171416
4615,33395858,115058748
4616,33091712,111834943
4617,31348779,119190583
4618,38520379,112496555
4619,32772873,110217715
4620,34990132,116460814
4621,30598542,115059361
4622,31726722,113668152
4623,38329524,119386425
4624,33024816,118245955
4625,38381559,116241495
4626,32390383,112856013
4627,38567635,113910822
4628,35752118,111204416
4629,34660079,111965196
4630,32204726,118837644
4631,30801674,119092883
4632,32001995,112062362
4633,37828045,115360750
4634,32778595,118265194
4635,30488739,111995846
4636,37923887,116155139
4637,34372656,111336906
4638,31547807,113911427
4639,30730150,115865813
4640,37356810,114345051
4641,38346782,110592437
4642,34560396,114812735
4643,37470959,110979937
4644,32175654,117626295
4645,36503363,117592867
4646,35691466,118482472
4647,38068764,113295749
4648,34322651,113018052
4649,34549489,116829100
4650,36997339,116402787
4651,30825674,119681956
4652,32960361,110219025
4653,37501638,119433673
4654,31857904,116911431
4655,35639406,113683809
4656,35904746,119747208
4657,30528766,119817538
4658,35331663,115195175
4659,34852427,114834876
4660,35821497,112743768
4661,30613053,115441081
4662,39753469,118593764
4663,38424555,110977719
4664,35956307,111633074
4665,34238574,113082525
4666,33841495,115616866
4667,36270314,119351165
4668,31920573,111376893
4669,31586547,115692157
4670,34379508,112929369
4671,37004065,112108469
4672,36314705,116561345
4673,37220640,110689700
4674,37522512,115992731
4675,31659783,114082361
4676,39740073,119661891
4677,35586935,111111482
4678,30351266,115795262
4679,30308685,118264148
4680,34689502,115950352
4681,36464623,117459753
4682,32072118,119298921
4683,38414462,119245804
4684,38020977,113209188
4685,30934355,116365443
4686,36320235,117574618
4687,38530568,116568522
4688,31545093,114946914
4689,32136473,110889094
4690,36727601,115047847
4691,36597895,117641312
4692,31674339,119499020
4693,32695269,119923037
4694,38455947,119294397
4695,31009044,113304919
4696,35249261,113101806
4697,34276493,112100303
4698,37956367,111156536
4699,31633790,110569423
4700,38787198,119803822
4701,36100887,117560225
4702,37751056,111856832
4703,31028857,113101033
4704,39354838,110572374
4705,35667693,118259610
4706,35955186,118254552
4707,32068037,114204928
4708,38364256,115571704
4709,33681910,115492627
4710,31490136,117174208
4711,36154010,116447789
4712,30231334,116686225
4713,34126759,112391621
4714,31496746,112503715
4715,30350928,112979041
4716,34659857,110052653
4717,32722431,115307778
4718,31880576,119422835
4719,35169131,112928756
4720,36196390,117585168
4721,38394452,114861861
4722,31193480,112377548
4723,32802585,118390868
4724,36467705,115630567
4725,31958983,112095408
4726,38066555,118442666
4727,35985297,110931016
4728,39477857,115108593
4729,30678062,111369692
4730,32974408,119314035
4731,36268509,113635443
4732,39426022,115291543
4733,35421402,113370835
4734,37812236,115108579
4735,35272780,116903376
4736,38339001,115944510
4737,35782596,119817749
4738,35715771,118216828
4739,38052890,119759557
4740,30601414,118105662
4741,31474219,116559118
4742,32107095,116931627
4743,39984579,115235103
4744,39293983,119198653
4745,39590033,110111715
4746,33223931,117557582
4747,35230942,118475845
4748,35258156,115427866
4749,39635360,110270844
4750,35801412,111664730
4751,32515969,117689257
4752,32757179,110465737
4753,38040291,111919570
4754,34154538,117798052
4755,35569864,118481487
4756,36382459,112765850
4757,38580651,114929023
4758,33017044,114301719
4759,39803529,119805519
4760,30308101,117436733
4761,34310888,112754533
4762,38368370,118304902
4763,30296263,113612969
4764,39298798,113690874
4765,35118418,116748206
4766,39356094,110362365
4767,37451613,115497007
4768,34430187,116627033
4769,33862432,112166845
4770,33221351,115599469
4771,30641766,117509834
4772,35015652,115507608
4773,32336320,118665538
4774,35556091,116046661
4775,32049425,114629583
4776,30949380,117986931
4777,37292545,119671066
4778,34885245,113803711
4779,39920872,111262897
4780,39227618,115150966
4781,32579546,110102828
4782,34246045,117304119
4783,38744941,115962595
4784,34599905,110588713
4785,35565552,117219157
4786,39674507,112512590
4787,36334659,112409379
4788,35062389,113720372
4789,35279554,110445861
4790,31824194,114573872
4791,34370937,113925550
4792,38460509,116778297
4793,33051639,118030584
4794,30302042,111413955
4795,36756694,116018318
4796,36393063,112460127
4797,34886319,116211584
4798,37376711,115961602
4799,32230514,117424928
4800,38058350,114563323
4801,38325885,112636491
4802,38278997,113737983
4803,35317295,118714251
4804,37581144,115968028
4805,37890632,111965903
4806,31543452,112422371
4807,39124203,117628172
4808,39224929,118781413
4809,36070080,119274672
4810,30332254,119578375
4811,33061075,114394605
4812,38853550,119796162
4813,35896729,115128579
4814,34813506,111289494
4815,31837483,114245925
4816,32204022,117989935
4817,30553913,111407911
4818,31412699,110819198
4819,31767165,114551017
4820,37479268,114772982
4821,37863852,118197123
4822,38655744,112795055
4823,35140334,116587140
4824,39054698,113914244
4825,36389666,119120627
4826,36101431,112117113
4827,36777413,110799155
4828,39390152,110171709
4829,36073244,115710466
4830,33922177,114318185
4831,38608397,113800182
4832,39999628,111952094
4833,35199995,110143111
4834,37805427,110931528
4835,33761519,113351034
4836,30009011,115086288
4837,32954193,112777614
4838,30622469,114157000
4839,39655258,114985100
4840,38614768,118062713
4841,32026387,112087159
4842,38001920,112971685
4843,39193807,113503944
4844,35795660,119919281
4845,32874081,113530949
4846,32519674,114349766
4847,33373864,117428082
4848,32494813,119292551
4849,34859930,116042838
4850,38361169,113218288
4851,30416338,114561931
4852,39823294,110818043
4853,33354120,119330972
4854,31570257,119196245
4855,37518794,111452620
4856,36667838,110566976
4857,36880110,116587623
4858,31750535,114155227
4859,34542524,111370481
4860,33584593,118177846
4861,33668401,116802652
4862,33399721,112280729
4863,33897549,114174419
4864,32064871,112619679
4865,38729136,118340882
4866,33588596,118283485
4867,38383592,118143652
4868,34579986,118936809
4869,34637252,111925397
4870,37563894,116640301
4871,39583621,111705788
4872,33684926,114802519
4873,36819308,118512544
4874,38387431,116826463
4875,31077089,112448102
4876,31822508,119987948
4877,33438024,111877574
4878,38549480,119318460
4879,38722271,113687542
4880,33803132,110797544
4881,37121601,115267365
4882,38594633,110397573
4883,34699698,118286895
4884,35142385,117816822
4885,39996961,119647232
4886,32531658,115518398
4887,39595990,118518549
4888,37624922,110080105
4889,32332390,119958061
4890,31192808,115487377
4891,30584506,110189949
4892,38093221,114657030
4893,37280673,119569629
4894,37541443,115532279
4895,39460128,116768634
4896,36687392,113267105
4897,39552528,111558029
4898,31846888,112216531
4899,39386934,119262716
4900,35132231,110113589
4901,32466246,115975016
4902,32524269,114080124
4903,36249489,114315906
4904,37116091,115527935
4905,39528163,110602735
4906,34284488,119594615
4907,33697432,119001342
4908,33457892,118373369
4909,30989076,118671710
4910,31801477,114084861
4911,30653807,114618755
4912,37940348,117529225
4913,35475149,116193140
4914,33185362,119495010
4915,34436815,112172934
4916,31532420,118337555
4917,37416261,112927066
4918,30039383,112556164
4919,30030096,111141277
4920,31978166,112513580
4921,34149537,119772842
4922,35349924,110838907
4923,33079584,118717325
4924,31387284,110657769
4925,34142479,117090107
4926,35733158,113255677
4927,34402276,112879300
4928,36777813,110616469
4929,38096593,115355995
4930,36754227,114920441
4931,33827358,112038912
4932,35614611,113882557
4933,31701476,119504026
4934,34841508,112312354
4935,38787692,112617618
4936,32980234,112108001
4937,39256129,113618662
4938,34437781,110529176
4939,36509784,116379318
4940,32611518,115547643
4941,31479757,113828150
4942,31861703,117006802
4943,31548559,117042745
4944,38966723,116108443
4945,37067062,112995135
4946,31888481,118190362
4947,31828141,110474769
4948,30311013,114799623
4949,39145048,118628152
4950,31892922,113565365
4951,32769074,116647385
4952,30395510,119977919
4953,33779305,110425685
4954,39919943,112076665
4955,36182734,111077800
4956,34938110,112736861
4957,36376847,111527809
4958,37290012,119927689
4959,35380316,111880819
4960,33148095,115720113
4961,39451311,110500210
4962,36282380,110367432
4963,31407093,113571412
4964,33964488,117026598
4965,33334499,114073623
4966,37421452,116692797
4967,38194536,113288276
4968,33171170,115155768
4969,31138191,115352615
4970,38032155,114518902
4971,33932715,112501813
4972,32965713,110701488
4973,32097974,119734166
4974,37398100,119602044
4975,32115219,118809295
4976,32304557,111732830
4977,38253438,119030221
4978,30339699,110075714
4979,34285236,116481219
4980,38655934,112712066
4981,34395557,116948203
4982,32429958,119465762
4983,34067553,110122287
4984,38632697,110029167
4985,34392240,117146779
4986,35711339,119092771
4987,30999600,114663782
4988,34531331,110463479
4989,38446059,117187855
4990,31876444,112997504
4991,33199509,116923942
4992,32228441,118311485
4993,36969272,118852875
4994,36130526,116875121
4995,34508963,119044295
4996,37507113,115644373
4997,37798995,119769285
4998,36316966,118244789
4999,35126337,110591123
5000,38673836,112816546
